SALE TYPE,SOLD DATE,PROPERTY TYPE,ADDRESS,CITY,STATE OR PROVINCE,ZIP OR POSTAL CODE,PRICE,BEDS,BATHS,LOCATION,SQUARE FEET,LOT SIZE,YEAR BUILT,DAYS ON MARKET,$/SQUARE FEET,HOA/MONTH,STATUS,NEXT OPEN HOUSE START TIME,NEXT OPEN HOUSE END TIME,URL (SEE https://www.redfin.com/buy-a-home/comparative-market-analysis FOR INFO ON PRICING),SOURCE,MLS#,FAVORITE,INTERESTED,LATITUDE,LONGITUDE
"In accordance with local MLS rules, some MLS listings are not included in the download"
MLS Listing,,Single Family Residential,1280 White St,Des Plaines,IL,60018,425000,4,2.0,Des Plaines,2385,4704,1934,2,178,,Active,March-23-2025 02:00 PM,March-23-2025 04:00 PM,https://www.redfin.com/IL/Des-Plaines/1280-White-St-60018/home/13659660,MRED as Distributed by MLS Grid,12312210,N,Y,42.0301167,-87.8847041
MLS Listing,,Single Family Residential,2436 West St,River Grove,IL,60171,355000,3,2.0,River Grove,1721,,1951,3,206,,Active,,,https://www.redfin.com/IL/River-Grove/2436-West-St-60171/home/13532293,MRED as Distributed by MLS Grid,12309055,N,Y,41.9237403,-87.850507
MLS Listing,,Condo/Co-op,5214 N Delphia Ave #107,Chicago,IL,60656,197000,2,1.5,CHI - O'Hare,1000,,1972,3,197,367,Active,,,https://www.redfin.com/IL/Chicago/5214-N-Delphia-Ave-60656/unit-107/home/13560794,MRED as Distributed by MLS Grid,12309579,N,Y,41.9742043,-87.8419083
MLS Listing,,Single Family Residential,1316 S Cumberland Ave,Park Ridge,IL,60068,539000,3,2.0,Park Ridge,2444,13503,1955,5,221,,Active,March-16-2025 12:00 PM,March-16-2025 02:00 PM,https://www.redfin.com/IL/Park-Ridge/1316-S-Cumberland-Ave-60068/home/13563645,MRED as Distributed by MLS Grid,12298007,N,Y,41.994381,-87.8368822
MLS Listing,,Condo/Co-op,7539 W Fullerton Ave #101,Elmwood Park,IL,60707,369000,3,2.0,Elmwood Park,1800,,2015,16,205,427,Active,,,https://www.redfin.com/IL/Elmwood-Park/7539-W-Fullerton-Ave-60707/unit-101/home/17465409,MRED as Distributed by MLS Grid,12297240,N,Y,41.9231607,-87.8155563
Redfin Data,,Condo/Co-op,960 Beau Dr #111,Des Plaines,IL,60016,244000,2,2.0,Des Plaines,1100,,1963,2,222,412,Pre On-Market,,,https://www.redfin.com/IL/Des-Plaines/960-Beau-Dr-60016/unit-111/home/12668792,Coming Soon,104741,N,Y,42.0340502,-87.9374712
Redfin Data,,Condo/Co-op,7814 W Belmont Ave Unit GE,Chicago,IL,60634,149900,2,1.0,Chicago,700,,1965,6,214,190,Pre On-Market,,,https://www.redfin.com/IL/Chicago/7814-W-Belmont-Ave-60634/unit-GE/home/183796828,Coming Soon,104613,N,Y,41.9380828,-87.8221606
Redfin Data,,Single Family Residential,4300 Wesley Ter,Schiller Park,IL,60176,499900,6,3.0,Schiller Park,1300,5959,1997,17,385,,Pre On-Market,,,https://www.redfin.com/IL/Schiller-Park/4300-Wesley-Ter-60176/home/13550966,Coming Soon,104327,N,Y,41.95715,-87.8647722
MLS Listing,,Single Family Residential,114 Parkchester Rd,Elk Grove Village,IL,60007,394900,3,2.0,Centex,1591,,1966,1,248,,Active,,,https://www.redfin.com/IL/Elk-Grove-Village/114-Parkchester-Rd-60007/home/13685181,MRED as Distributed by MLS Grid,12313095,N,Y,41.9961008,-88.0055217
MLS Listing,,Condo/Co-op,4925 N Harlem Ave #3,Chicago,IL,60656,175000,1,1.0,CHI - Norwood Park,,,1964,1,,260,Active,,,https://www.redfin.com/IL/Chicago/4925-N-Harlem-Ave-60656/unit-3/home/12662298,MRED as Distributed by MLS Grid,12313199,N,Y,41.970933,-87.8068156
MLS Listing,,Condo/Co-op,3151 Paris Ave #107,River Grove,IL,60171,190000,1,1.0,River Grove,,,,1,,288,Active,,,https://www.redfin.com/IL/River-Grove/3151-Paris-Ave-60171/unit-107/home/13536577,MRED as Distributed by MLS Grid,12313202,N,Y,41.937327,-87.829596
MLS Listing,,Single Family Residential,3109 N Newland Ave,Chicago,IL,60634,293500,5,3.0,CHI - Montclare,1397,4114,1924,1,210,,Active,,,https://www.redfin.com/IL/Chicago/3109-N-Newland-Ave-60634/home/13435746,MRED as Distributed by MLS Grid,12313173,N,Y,41.9366318,-87.7991173
MLS Listing,,Multi-Family (2-4 Unit),2314 N 73rd Ct,Elmwood Park,IL,60707,400000,4,2.0,Elmwood Park,,3920,1926,1,,,Active,,,https://www.redfin.com/IL/Elmwood-Park/2314-N-73rd-Ct-60707/home/13523276,MRED as Distributed by MLS Grid,12313115,N,Y,41.9222642,-87.8101554
MLS Listing,,Multi-Family (2-4 Unit),8250 W Forest Peserve Dr,Chicago,IL,60634,320000,4,2.0,CHI - Dunning,,3750,1927,1,,,Active,,,https://www.redfin.com/IL/Chicago/8250-W-Forest-Preserve-Ave-60634/home/13545159,MRED as Distributed by MLS Grid,12313058,N,Y,41.9417136,-87.8332057
MLS Listing,,Condo/Co-op,600 Thames Pkwy Unit 2E,Park Ridge,IL,60068,270000,2,2.0,Park Ridge,1350,,1971,1,200,646,Active,,,https://www.redfin.com/IL/Park-Ridge/600-Thames-Pkwy-60068/unit-2E/home/13641048,MRED as Distributed by MLS Grid,12312168,N,Y,42.005303,-87.8575223
MLS Listing,,Single Family Residential,429 N Elmwood Ave,Wood Dale,IL,60191,399000,3,2.0,Wood Dale,1644,7500,1966,1,243,,Active,March-16-2025 01:00 PM,March-16-2025 04:00 PM,https://www.redfin.com/IL/Wood-Dale/429-N-Elmwood-Ave-60191/home/18171750,MRED as Distributed by MLS Grid,12310729,N,Y,41.9681292,-87.9757084
MLS Listing,,Vacant Land,150 Pine Ln,Wood Dale,IL,60191,95000,,,Wood Dale,,6500,,2,,,Active,,,https://www.redfin.com/IL/Wood-Dale/150-Pine-Ln-60191/home/21741575,MRED as Distributed by MLS Grid,12311612,N,Y,41.958755,-87.963958
MLS Listing,,Single Family Residential,8040 W Balmoral Ave,Chicago,IL,60656,1175000,5,5.0,CHI - Norwood Park,5200,8925,2016,2,226,,Active,,,https://www.redfin.com/IL/Chicago/8040-W-Balmoral-Ave-60656/home/13559286,MRED as Distributed by MLS Grid,12312307,N,Y,41.978313,-87.8284087
MLS Listing,,Condo/Co-op,215 S Hale St Unit 9B,Addison,IL,60101,169000,1,1.0,Addison,800,,1978,2,211,406,Active,,,https://www.redfin.com/IL/Addison/215-Hale-St-60101/unit-9B/home/193436401,MRED as Distributed by MLS Grid,12310356,N,Y,41.9236753,-87.9944009
MLS Listing,,Single Family Residential,155 N Wood Dale Rd,Wood Dale,IL,60191,374900,3,2.0,Wood Dale,1125,,1967,2,333,,Active,,,https://www.redfin.com/IL/Wood-Dale/155-N-Wood-Dale-Rd-60191/home/18168866,MRED as Distributed by MLS Grid,12312824,N,Y,41.9588095,-87.9784226
MLS Listing,,Single Family Residential,560 Alexandria Ct,Itasca,IL,60143,539000,3,2.5,Itasca,2261,16117,1975,2,238,,Active,,,https://www.redfin.com/IL/Itasca/560-Alexandria-Ct-60143/home/18173530,MRED as Distributed by MLS Grid,12311675,N,Y,41.9789748,-88.0073866
MLS Listing,,Single Family Residential,1502 W Willow Ln,Mount Prospect,IL,60056,450000,3,2.0,Mount Prospect,1352,10149,1960,2,333,,Active,,,https://www.redfin.com/IL/Mount-Prospect/1502-W-Willow-Ln-60056/home/13696898,MRED as Distributed by MLS Grid,12294415,N,Y,42.044014,-87.9579441
MLS Listing,,Single Family Residential,2403 Geneva Ave,Northlake,IL,60164,479900,6,2.5,Northlake,2409,5221,2008,2,199,,Active,,,https://www.redfin.com/IL/Melrose-Park/2403-Geneva-Ave-60164/home/26804168,MRED as Distributed by MLS Grid,12312038,N,Y,41.9222872,-87.8888729
MLS Listing,,Single Family Residential,4817 N Prospect Ave,Norridge,IL,60706,499000,3,2.0,Norridge,1485,5560,1967,2,336,,Active,,,https://www.redfin.com/IL/Norridge/4817-N-Prospect-Ave-60706/home/13557658,MRED as Distributed by MLS Grid,12312438,N,Y,41.9675688,-87.8308846
MLS Listing,,Single Family Residential,9818 Pacific Ave,Franklin Park,IL,60131,299000,3,1.5,Franklin Park,1278,3402,1950,2,234,,Active,,,https://www.redfin.com/IL/Franklin-Park/9818-Pacific-Ave-60131/home/13546314,MRED as Distributed by MLS Grid,12312752,N,Y,41.9388275,-87.8712981
MLS Listing,,Multi-Family (5+ Unit),10548 Crown Rd,Franklin Park,IL,60131,1150000,10,10.0,Franklin Park,,10452,1975,2,,,Active,,,https://www.redfin.com/IL/Franklin-Park/10548-Crown-Rd-60131/home/13528016,MRED as Distributed by MLS Grid,12312726,N,Y,41.9325672,-87.8891523
MLS Listing,,Condo/Co-op,8636 Grand Ave Unit 3B,River Grove,IL,60171,225000,2,1.0,River Grove,980,,,2,230,270,Active,,,https://www.redfin.com/IL/River-Grove/8636-Grand-Ave-60171/unit-3B/home/12629811,MRED as Distributed by MLS Grid,12304157,N,Y,41.92988,-87.841771
MLS Listing,,Multi-Family (5+ Unit),10542 Crown Rd,Franklin Park,IL,60131,1200000,10,10.0,Franklin Park,,10452,1975,2,,,Active,,,https://www.redfin.com/IL/Franklin-Park/10542-Crown-Rd-60131/home/13529229,MRED as Distributed by MLS Grid,12302879,N,Y,41.9325757,-87.8888714
MLS Listing,,Single Family Residential,614 N Michigan Ave,Villa Park,IL,60181,399000,3,2.0,Villa Park,1376,6600,2015,2,290,,Active,,,https://www.redfin.com/IL/Villa-Park/614-N-Michigan-Ave-60181/home/18111084,MRED as Distributed by MLS Grid,12308695,N,Y,41.9009871,-87.9851919
MLS Listing,,Condo/Co-op,4907 N Harlem Ave #1,Chicago,IL,60656,219900,2,1.0,CHI - Norwood Park,1000,,1962,2,220,349,Active,,,https://www.redfin.com/IL/Chicago/4907-N-Harlem-Ave-60656/unit-1/home/12653793,MRED as Distributed by MLS Grid,12312459,N,Y,41.970487,-87.8068236
MLS Listing,,Single Family Residential,316 Grove Ave,Bensenville,IL,60106,499900,4,3.0,Bensenville,2700,7950,1926,2,185,,Active,,,https://www.redfin.com/IL/Bensenville/316-Grove-Ave-60106/home/18169120,MRED as Distributed by MLS Grid,12312454,N,Y,41.9550923,-87.9447728
MLS Listing,,Single Family Residential,3821 Emerson Dr,Schiller Park,IL,60176,419900,3,2.0,Schiller Park,1104,5060,1962,2,380,,Active,March-16-2025 12:00 AM,March-16-2025 02:00 PM,https://www.redfin.com/IL/Schiller-Park/3821-Emerson-Dr-60176/home/13548174,MRED as Distributed by MLS Grid,12312130,N,Y,41.9485308,-87.8725716
MLS Listing,,Single Family Residential,11425 W Grand Ave,Melrose Park,IL,60164,279000,2,1.0,Leyden Township,,10018,1955,2,,,Active,,,https://www.redfin.com/IL/Melrose-Park/11425-W-Grand-Ave-60164/home/13527669,MRED as Distributed by MLS Grid,12312291,N,Y,41.93065,-87.909906
MLS Listing,,Single Family Residential,7715 W Patterson Ave,Chicago,IL,60634,445000,4,2.0,CHI - Dunning,1645,3746,1929,2,271,,Active,,,https://www.redfin.com/IL/Chicago/7715-W-Patterson-Ave-60634/home/13543345,MRED as Distributed by MLS Grid,12310162,N,Y,41.945968,-87.8203368
MLS Listing,,Single Family Residential,8613 W Lyndale St,River Grove,IL,60171,300000,3,2.0,River Grove,1600,3898,1924,2,188,,Active,,,https://www.redfin.com/IL/River-Grove/8613-Lyndale-St-60171/home/13525627,MRED as Distributed by MLS Grid,12312157,N,Y,41.9199386,-87.8410489
MLS Listing,,Single Family Residential,1714 E Lincoln Ave,Des Plaines,IL,60018,385000,4,2.0,Des Plaines,1585,6370,1951,2,243,,Active,,,https://www.redfin.com/IL/Des-Plaines/1714-E-Lincoln-Ave-60018/home/13659697,MRED as Distributed by MLS Grid,12300878,N,Y,42.0257614,-87.8815955
MLS Listing,,Single Family Residential,2718 Elder Ln,Franklin Park,IL,60131,400000,5,2.0,Franklin Park,2500,,1944,2,160,,Active,,,https://www.redfin.com/IL/Franklin-Park/2718-Elder-Ln-60131/home/13531758,MRED as Distributed by MLS Grid,12273863,N,Y,41.9284961,-87.8713996
MLS Listing,,Single Family Residential,453 N West Ave,Elmhurst,IL,60126,359900,3,1.0,Elmhurst,1338,7540,1954,2,269,,Active,,,https://www.redfin.com/IL/Elmhurst/453-N-West-Ave-60126/home/18154521,MRED as Distributed by MLS Grid,12312098,N,Y,41.9117198,-87.9588441
MLS Listing,,Single Family Residential,1106 Rose Ave,Des Plaines,IL,60016,569000,5,2.0,Des Plaines,2600,5227,1923,2,219,,Active,,,https://www.redfin.com/IL/Des-Plaines/1106-Rose-Ave-60016/home/194956305,MRED as Distributed by MLS Grid,12293266,N,Y,42.0396502,-87.8966258
MLS Listing,,Condo/Co-op,8731 W Summerdale Ave Unit 2C,Chicago,IL,60656,185000,2,1.0,CHI - O'Hare,,,,2,,250,Active,,,https://www.redfin.com/IL/Chicago/8731-W-Summerdale-Ave-60656/unit-2C/home/13559885,MRED as Distributed by MLS Grid,12287175,N,Y,41.9756795,-87.8454439
MLS Listing,,Single Family Residential,498 Clearmont Dr,Elk Grove Village,IL,60007,345000,3,1.5,Elk Grove Village,1622,10323,1960,2,213,,Active,March-16-2025 01:00 PM,March-16-2025 02:30 PM,https://www.redfin.com/IL/Elk-Grove-Village/498-Clearmont-Dr-60007/home/13683628,MRED as Distributed by MLS Grid,12306906,N,Y,41.9997061,-87.9834312
MLS Listing,,Single Family Residential,5832 N Overhill Ave,Chicago,IL,60631,574900,3,2.0,CHI - Norwood Park,2034,5184,1955,2,283,,Active,,,https://www.redfin.com/IL/Chicago/5832-N-Overhill-Ave-60631/home/13566109,MRED as Distributed by MLS Grid,12312058,N,Y,41.9861233,-87.8193563
MLS Listing,,Townhouse,1052 E Oakton St,Des Plaines,IL,60018,489000,3,2.5,Halston Market,1792,781,2022,3,273,295,Active,,,https://www.redfin.com/IL/Des-Plaines/1052-E-Oakton-St-60018/home/181825540,MRED as Distributed by MLS Grid,12312036,N,Y,42.024195,-87.897414
MLS Listing,,Condo/Co-op,50 W Conti Pkwy Unit D1,Elmwood Park,IL,60707,178000,2,1.0,Elmwood Park,,,,3,,315,Active,,,https://www.redfin.com/IL/Elmwood-Park/50-W-Conti-Pkwy-60707/unit-D1/home/18926910,MRED as Distributed by MLS Grid,12310930,N,Y,41.9268387,-87.8164587
MLS Listing,,Single Family Residential,7152 N Overhill Ave,Chicago,IL,60631,499900,4,1.5,CHI - Edison Park,1500,5941,1955,3,333,,Active,March-16-2025 11:00 AM,March-16-2025 02:00 PM,https://www.redfin.com/IL/Chicago/7152-N-Overhill-Ave-60631/home/13639487,MRED as Distributed by MLS Grid,12311796,N,Y,42.0110387,-87.8190314
MLS Listing,,Single Family Residential,2903 Beulah Ave,River Grove,IL,60171,220000,2,1.0,River Grove,800,3123,1928,3,275,,Active,,,https://www.redfin.com/IL/River-Grove/2903-Beulah-Ave-60171/home/167459903,MRED as Distributed by MLS Grid,12311762,N,Y,41.9318964,-87.8488242
MLS Listing,,Condo/Co-op,738 N Briar Hill Ln #5,Addison,IL,60101,199900,2,2.0,Briar Hill,1100,,1980,3,182,264,Active,,,https://www.redfin.com/IL/Addison/738-N-Briar-Hill-Ln-60101/unit-5/home/14186097,MRED as Distributed by MLS Grid,12310693,N,Y,41.9379823,-88.0067403
MLS Listing,,Single Family Residential,432 Rose St,Bensenville,IL,60106,410000,4,2.0,Bensenville,1000,,1954,3,410,,Active,,,https://www.redfin.com/IL/Bensenville/432-Rose-St-60106/home/18161463,MRED as Distributed by MLS Grid,12311335,N,Y,41.9466837,-87.9374058
MLS Listing,,Single Family Residential,17W517 Manor Ln,Villa Park,IL,60181,400000,3,2.0,Villa Park,1275,23086,1950,3,314,,Active,,,https://www.redfin.com/IL/Villa-Park/17W517-Manor-Ln-60181/home/18112603,MRED as Distributed by MLS Grid,12311473,N,Y,41.901697,-87.9718773
MLS Listing,,Single Family Residential,2518 N 79th Ave,Elmwood Park,IL,60707,419900,5,2.0,Elmwood Park,1665,6118,1949,3,252,,Active,,,https://www.redfin.com/IL/Elmwood-Park/2518-N-79th-Ave-60707/home/13538162,MRED as Distributed by MLS Grid,12311447,N,Y,41.925832,-87.823696
MLS Listing,,Single Family Residential,3542 N Overhill Ave,Chicago,IL,60634,439900,3,3.0,CHI - Dunning,1127,3750,1951,3,390,,Active,March-16-2025 12:00 PM,March-16-2025 02:00 PM,https://www.redfin.com/IL/Chicago/3542-N-Overhill-Ave-60634/home/13542987,MRED as Distributed by MLS Grid,12307853,N,Y,41.9444564,-87.8194658
MLS Listing,,Vacant Land,3530 N Odell Ave,Chicago,IL,60634,199900,,,CHI - Dunning,,3868,,3,,,Active,,,https://www.redfin.com/IL/Chicago/3530-N-Odell-Ave-60634/home/13541789,MRED as Distributed by MLS Grid,12311424,N,Y,41.9443941,-87.8108521
MLS Listing,,Single Family Residential,515 Debra Dr,Des Plaines,IL,60016,464900,3,2.5,Brentwood,1625,7872,1965,3,286,,Active,March-16-2025 01:00 PM,March-16-2025 03:00 PM,https://www.redfin.com/IL/Des-Plaines/515-Debra-Dr-60016/home/13698786,MRED as Distributed by MLS Grid,12306620,N,Y,42.0441036,-87.9339429
MLS Listing,,Single Family Residential,6511 N Oliphant Ave,Chicago,IL,60631,899000,4,3.5,CHI - Edison Park,3000,3123,1960,3,300,,Active,,,https://www.redfin.com/IL/Chicago/6511-N-Oliphant-Ave-60631/home/13636095,MRED as Distributed by MLS Grid,12310230,N,Y,41.9985666,-87.8201535
MLS Listing,,Single Family Residential,7545 W Isham Ave,Chicago,IL,60631,630000,3,2.0,CHI - Edison Park,1866,3959,1944,3,338,,Active,March-16-2025 11:00 AM,March-16-2025 01:00 PM,https://www.redfin.com/IL/Chicago/7545-W-Isham-Ave-60631/home/13634952,MRED as Distributed by MLS Grid,12258416,N,Y,41.9977126,-87.8154294
MLS Listing,,Single Family Residential,909 Oakton St,Park Ridge,IL,60068,585000,5,2.0,Country Club,1700,7500,1958,3,344,,Active,,,https://www.redfin.com/IL/Park-Ridge/909-Oakton-St-60068/home/13650057,MRED as Distributed by MLS Grid,12311226,N,Y,42.0253011,-87.8361836
MLS Listing,,Townhouse,1776 Stockton Ave,Des Plaines,IL,60018,249000,3,1.0,Riverview,1092,3596,1945,3,228,,Active,,,https://www.redfin.com/IL/Des-Plaines/1776-Stockton-Ave-60018/home/13645938,MRED as Distributed by MLS Grid,12287385,N,Y,42.0181651,-87.8803249
MLS Listing,,Condo/Co-op,1777 W Crystal Ln #205,Mount Prospect,IL,60056,229900,3,2.0,Crystal Towers,1500,,1978,3,153,419,Active,,,https://www.redfin.com/IL/Mount-Prospect/1777-W-Crystal-Ln-60056/unit-205/home/13692215,MRED as Distributed by MLS Grid,12307569,N,Y,42.034168,-87.9612369
MLS Listing,,Single Family Residential,5350 N Mont Clare Ave,Chicago,IL,60656,649500,4,3.0,CHI - Norwood Park,,,,3,,,Active,March-16-2025 12:00 PM,March-16-2025 03:00 PM,https://www.redfin.com/IL/Chicago/5350-N-Mont-Clare-Ave-60656/home/13506671,MRED as Distributed by MLS Grid,12306615,N,Y,41.9786,-87.8049877
MLS Listing,,Single Family Residential,3244 N Nordica Ave,Chicago,IL,60634,365000,3,1.5,Schorsch Village,1292,3810,1954,3,283,,Active,,,https://www.redfin.com/IL/Chicago/3244-N-Nordica-Ave-60634/home/13468581,MRED as Distributed by MLS Grid,12310469,N,Y,41.9393944,-87.8033727
MLS Listing,,Multi-Family (2-4 Unit),776 N Northwest Hwy,Park Ridge,IL,60068,599000,5,3.0,Park Ridge,,,1902,3,,,Active,,,https://www.redfin.com/IL/Park-Ridge/776-N-Northwest-Hwy-60068/home/13646962,MRED as Distributed by MLS Grid,12309858,N,Y,42.0214923,-87.8463615
MLS Listing,,Single Family Residential,4511 Rose St,Schiller Park,IL,60176,315000,3,2.0,Schiller Park,993,5360,1958,3,317,,Active,,,https://www.redfin.com/IL/Schiller-Park/4511-Rose-St-60176/home/13549369,MRED as Distributed by MLS Grid,12310998,N,Y,41.9597596,-87.8655761
MLS Listing,,Single Family Residential,9732 Johanna Ave,Franklin Park,IL,60131,339000,2,1.5,Franklin Park,1196,,1951,3,283,,Active,,,https://www.redfin.com/IL/Franklin-Park/9732-Johanna-Ave-60131/home/13530140,MRED as Distributed by MLS Grid,12310390,N,Y,41.9288713,-87.8691495
MLS Listing,,Single Family Residential,26 Evergreen St,Elk Grove Village,IL,60007,385000,3,1.0,Elk Grove Village,1171,10933,1958,3,329,,Active,,,https://www.redfin.com/IL/Elk-Grove-Village/26-Evergreen-St-60007/home/13693304,MRED as Distributed by MLS Grid,12302917,N,Y,42.0265545,-87.9827116
MLS Listing,,Single Family Residential,1014 Walter Ave,Des Plaines,IL,60016,340000,2,1.0,Des Plaines,1100,,1950,3,309,,Active,,,https://www.redfin.com/IL/Des-Plaines/1014-Walter-Ave-60016/home/13665856,MRED as Distributed by MLS Grid,12307535,N,Y,42.0414779,-87.8988545
MLS Listing,,Single Family Residential,415 S Cherry Hill Ct,Addison,IL,60101,425000,5,2.0,Addison,2229,8258,1963,3,191,,Active,,,https://www.redfin.com/IL/Addison/415-S-Cherry-Hill-Ct-60101/home/18156287,MRED as Distributed by MLS Grid,12310153,N,Y,41.9195099,-87.9751873
MLS Listing,,Condo/Co-op,4831 N Harlem Ave #3,Chicago,IL,60656,165900,1,1.0,CHI - Norwood Park,850,,1964,4,195,287,Active,,,https://www.redfin.com/IL/Chicago/4831-N-Harlem-Ave-60656/unit-3/home/195016142,MRED as Distributed by MLS Grid,12308809,N,Y,41.969183,-87.806804
MLS Listing,,Vacant Land,128 W Irving Park Rd,Wood Dale,IL,60191,650000,,,Wood Dale,,18295,,4,,,Active,,,https://www.redfin.com/IL/Wood-Dale/128-W-Irving-Park-Rd-60191/home/168674603,MRED as Distributed by MLS Grid,12309187,N,Y,41.9633455,-87.9802951
MLS Listing,,Condo/Co-op,6460 N Northwest Hwy #202,Chicago,IL,60631,225000,2,1.0,CHI - Edison Park,,,1974,4,,254,Active,,,https://www.redfin.com/IL/Chicago/6460-N-Northwest-Hwy-60631/unit-202/home/195015348,MRED as Distributed by MLS Grid,12298236,N,Y,41.997925,-87.8090859
MLS Listing,,Single Family Residential,7425 W Strong St,Harwood Heights,IL,60706,395000,3,2.0,Harwood Heights,1500,5279,1951,4,263,,Active,,,https://www.redfin.com/IL/Harwood-Heights/7425-W-Strong-St-60706/home/13555011,MRED as Distributed by MLS Grid,12279762,N,Y,41.9696295,-87.8131227
MLS Listing,,Condo/Co-op,7335 W Fullerton Ave Unit GN,Elmwood Park,IL,60707,165000,2,1.0,Elmwood Park,1000,,1972,4,165,356,Active,,,https://www.redfin.com/IL/Elmwood-Park/7335-W-Fullerton-Ave-60707/unit-GN/home/195012012,MRED as Distributed by MLS Grid,12310649,N,Y,41.9232571,-87.8104931
MLS Listing,,Multi-Family (5+ Unit),2560 N Clinton St,River Grove,IL,60171,789900,11,7.0,River Grove,3917,3875,1922,4,202,,Active,,,https://www.redfin.com/IL/River-Grove/2560-Clinton-St-60171/home/13535478,MRED as Distributed by MLS Grid,12296682,N,Y,41.926479,-87.831163
MLS Listing,,Other,7701 W Belmont Ave,Elmwood Park,IL,60707,1195000,,,Elmwood Park,5600,4935,1950,4,213,,Active,,,https://www.redfin.com/IL/Elmwood-Park/7701-W-Belmont-Ave-60707/home/175919271,MRED as Distributed by MLS Grid,12310711,N,Y,41.9377487,-87.8191626
MLS Listing,,Multi-Family (5+ Unit),8250 W Grand Ave,River Grove,IL,60171,779900,11,6.0,River Grove,4092,4980,1930,4,191,,Active,,,https://www.redfin.com/IL/River-Grove/8250-Grand-Ave-60171/home/13535701,MRED as Distributed by MLS Grid,12296390,N,Y,41.9284276,-87.8328272
MLS Listing,,Single Family Residential,3649 N Overhill Ave,Chicago,IL,60634,199900,2,1.0,CHI - Dunning,1310,3600,,4,153,,Active,,,https://www.redfin.com/IL/Chicago/3649-N-Overhill-Ave-60634/home/13543130,MRED as Distributed by MLS Grid,12308354,N,Y,41.9467129,-87.8191781
MLS Listing,,Condo/Co-op,6847 N Olmsted Ave #1,Chicago,IL,60631,199900,2,1.0,CHI - Edison Park,,,1967,4,,350,Active,,,https://www.redfin.com/IL/Chicago/6847-N-Olmsted-Ave-60631/unit-1/home/13637534,MRED as Distributed by MLS Grid,12307603,N,Y,42.0047769,-87.8210244
MLS Listing,,Single Family Residential,1828 Norman Blvd,Park Ridge,IL,60068,600000,3,2.0,Park Ridge,1600,8123,1948,4,375,,Active,,,https://www.redfin.com/IL/Park-Ridge/1828-Norman-Blvd-60068/home/13641425,MRED as Distributed by MLS Grid,12303526,N,Y,42.0063246,-87.8507978
MLS Listing,,Single Family Residential,3508 N New England Ave,Chicago,IL,60634,432000,5,3.0,CHI - Dunning,2000,5340,1929,4,216,,Active,,,https://www.redfin.com/IL/Chicago/3508-N-New-England-Ave-60634/home/13469658,MRED as Distributed by MLS Grid,12310255,N,Y,41.9439677,-87.7986507
MLS Listing,,Condo/Co-op,9801 W Schiller Blvd Unit 1N,Franklin Park,IL,60131,150000,2,1.0,Franklin Park,,,1963,4,,300,Active,March-16-2025 10:00 AM,March-16-2025 12:00 PM,https://www.redfin.com/IL/Franklin-Park/9801-Schiller-Blvd-60131/unit-1N/home/12806302,MRED as Distributed by MLS Grid,12297431,N,Y,41.9327411,-87.8704272
MLS Listing,,Condo/Co-op,2920 N Harlem Ave Unit 2J,Elmwood Park,IL,60707,169900,1,1.0,Elmwood Park,750,,1972,4,227,250,Active,,,https://www.redfin.com/IL/Elmwood-Park/2920-N-Harlem-Ave-60707/unit-2J/home/12807228,MRED as Distributed by MLS Grid,12308974,N,Y,41.9335204,-87.8069316
MLS Listing,,Vacant Land,2380 S De Cook Ct,Park Ridge,IL,60068,459000,,,Park Ridge,,10560,,4,,,Active,,,https://www.redfin.com/IL/Park-Ridge/2380-S-De-Cook-Ct-60068/home/13659997,MRED as Distributed by MLS Grid,12305618,N,Y,42.0333735,-87.8568675
MLS Listing,,Single Family Residential,6200 Hawthorne St,Rosemont,IL,60018,749900,4,4.5,Rosemont,5357,,1987,4,140,,Active,,,https://www.redfin.com/IL/Rosemont/6200-Hawthorne-St-60018/home/13562084,MRED as Distributed by MLS Grid,12310254,N,Y,41.9917261,-87.8749987
MLS Listing,,Single Family Residential,1800 W Catalpa Ln,Mount Prospect,IL,60056,514000,3,2.0,Mount Prospect,,8999,1969,4,,,Active,,,https://www.redfin.com/IL/Mount-Prospect/1800-W-Catalpa-Ln-60056/home/13693911,MRED as Distributed by MLS Grid,12309178,N,Y,42.0436714,-87.9648172
MLS Listing,,Condo/Co-op,805 Leicester Rd #320,Elk Grove Village,IL,60007,295000,2,2.0,Chardonnay on the Lake,,,1996,4,,557,Active,,,https://www.redfin.com/IL/Elk-Grove-Village/805-Leicester-Rd-60007/unit-320/home/13686232,MRED as Distributed by MLS Grid,12308047,N,Y,42.0064932,-88.0130609
MLS Listing,,Condo/Co-op,6845 N Northwest Hwy Unit 2W,Chicago,IL,60631,189000,1,1.0,CHI - Edison Park,745,,1966,4,254,345,Active,,,https://www.redfin.com/IL/Chicago/6845-N-Northwest-Hwy-60631/unit-2W/home/12619952,MRED as Distributed by MLS Grid,12310034,N,Y,42.0055143,-87.8198762
MLS Listing,,Single Family Residential,3114 N 77th Ave,Elmwood Park,IL,60707,540000,5,2.0,Elmwood Park,2800,3841,1930,4,193,,Active,March-16-2025 12:00 PM,March-16-2025 02:00 PM,https://www.redfin.com/IL/Elmwood-Park/3114-N-77th-Ave-60707/home/13540508,MRED as Distributed by MLS Grid,12308672,N,Y,41.9367253,-87.8192306
MLS Listing,,Single Family Residential,804 Joyce Ave,Melrose Park,IL,60164,260000,3,1.0,Melrose Park,1358,,1954,4,191,,Active,,,https://www.redfin.com/IL/Melrose-Park/804-Joyce-Ave-60164/home/13528993,MRED as Distributed by MLS Grid,12255257,N,Y,41.92619,-87.896963
MLS Listing,,Single Family Residential,803 N Eastland St,Elmhurst,IL,60126,370000,3,2.0,Elmhurst,2582,7840,1971,4,143,,Active,,,https://www.redfin.com/IL/Elmhurst/803-N-Eastland-St-60126/home/18160087,MRED as Distributed by MLS Grid,12293281,N,Y,41.9225061,-87.9273032
MLS Listing,,Multi-Family (2-4 Unit),512 W Ida Ct,Mount Prospect,IL,60056,699999,8,4.0,Mount Prospect,,8276,1972,4,,,Active,March-16-2025 12:00 PM,March-16-2025 02:00 PM,https://www.redfin.com/IL/Mount-Prospect/512-W-Ida-Ct-60056/home/13695333,MRED as Distributed by MLS Grid,12287046,N,Y,42.0380279,-87.9458188
MLS Listing,,Single Family Residential,526 N Willow Rd,Elmhurst,IL,60126,1199000,6,5.5,Elmhurst,5850,,2007,4,205,,Active,March-16-2025 11:00 AM,March-16-2025 01:00 PM,https://www.redfin.com/IL/Elmhurst/526-N-Willow-Rd-60126/home/14172998,MRED as Distributed by MLS Grid,12310009,N,Y,41.9138719,-87.9351449
MLS Listing,,Single Family Residential,1123 Fortuna Ave,Park Ridge,IL,60068,495000,3,2.5,Park Ridge,2034,6664,1949,4,243,,Active,March-16-2025 01:00 PM,March-16-2025 03:00 PM,https://www.redfin.com/IL/Park-Ridge/1123-Fortuna-Ave-60068/home/13656914,MRED as Distributed by MLS Grid,12304491,N,Y,42.0273225,-87.8532021
MLS Listing,,Single Family Residential,2840 N 74th Ct,Elmwood Park,IL,60707,285000,4,3.0,Elmwood Park,2840,5000,1930,5,100,,Active,,,https://www.redfin.com/IL/Elmwood-Park/2840-N-74th-Ct-60707/home/13537781,MRED as Distributed by MLS Grid,12309698,N,Y,41.9322666,-87.8129286
MLS Listing,,Multi-Family (2-4 Unit),234 Park St,Bensenville,IL,60106,399900,5,2.5,Bensenville,,7500,1939,5,,,Active,,,https://www.redfin.com/IL/Bensenville/234-Park-St-60106/home/14193403,MRED as Distributed by MLS Grid,12308720,N,Y,41.9518277,-87.9325931
MLS Listing,,Single Family Residential,2822 N 76th Ct,Elmwood Park,IL,60707,434900,4,2.0,Elmwood Park,1677,3841,1929,5,259,,Active,,,https://www.redfin.com/IL/Elmwood-Park/2822-N-76th-Ct-60707/home/13539128,MRED as Distributed by MLS Grid,12309441,N,Y,41.9315353,-87.8177887
MLS Listing,,Condo/Co-op,801 Oakton St #202,Elk Grove Village,IL,60007,254900,2,2.0,Elk Grove Village,1150,,1991,5,222,396,Active,,,https://www.redfin.com/IL/Elk-Grove-Village/801-Oakton-St-60007/unit-202/home/13689541,MRED as Distributed by MLS Grid,12307176,N,Y,42.0212689,-87.976175
MLS Listing,,Condo/Co-op,828 Graceland Ave #501,Des Plaines,IL,60016,285000,2,2.0,Des Plaines,1420,,1981,5,201,478,Active,,,https://www.redfin.com/IL/Des-Plaines/828-Graceland-Ave-60016/unit-501/home/13664390,MRED as Distributed by MLS Grid,12305808,N,Y,42.0380823,-87.8930516
MLS Listing,,Multi-Family (5+ Unit),3001 Prairie St,Franklin Park,IL,60131,725000,6,6.0,Franklin Park,3120,5000,1963,5,232,,Active,,,https://www.redfin.com/IL/Franklin-Park/3001-Prairie-St-60131/home/13529329,MRED as Distributed by MLS Grid,12296695,N,Y,41.9329222,-87.8879961
MLS Listing,,Single Family Residential,39 Roxbury Ln,Des Plaines,IL,60018,475000,3,2.0,Des Plaines,1295,6899,1962,5,367,,Active,,,https://www.redfin.com/IL/Des-Plaines/39-Roxbury-Ln-60018/home/13690598,MRED as Distributed by MLS Grid,12309149,N,Y,42.0271758,-87.9220849
MLS Listing,,Townhouse,1491 Blaine St,Des Plaines,IL,60018,478470,3,2.5,Halston Market,1792,781,2025,5,267,295,Active,,,https://www.redfin.com/IL/Des-Plaines/1491-Denny-Way-60018/home/191965361,MRED as Distributed by MLS Grid,12309189,N,Y,42.0257332,-87.897912
MLS Listing,,Single Family Residential,6947 W Oakdale Ave,Chicago,IL,60634,419900,4,2.5,CHI - Montclare,1292,4582,1938,5,325,,Active,,,https://www.redfin.com/IL/Chicago/6947-W-Oakdale-Ave-60634/home/13435007,MRED as Distributed by MLS Grid,12309027,N,Y,41.9333715,-87.7998015
MLS Listing,,Single Family Residential,1456 Tyrell Ave,Park Ridge,IL,60068,615000,4,2.0,Park Ridge,15419,16000,1948,5,40,,Active,,,https://www.redfin.com/IL/Park-Ridge/1456-Tyrell-Ave-60068/home/13659127,MRED as Distributed by MLS Grid,12309003,N,Y,42.0335494,-87.8586885
MLS Listing,,Condo/Co-op,525 E Jefferson St Unit 1A,Bensenville,IL,60106,160000,2,1.0,Bensenville,800,,1972,5,200,400,Active,,,https://www.redfin.com/IL/Bensenville/525-E-Jefferson-St-60106/unit-1A/home/21732251,MRED as Distributed by MLS Grid,12265118,N,Y,41.9464623,-87.9310406
MLS Listing,,Condo/Co-op,190 S Wood Dale Rd #705,Wood Dale,IL,60191,309000,3,2.0,Brookwood on the Greens,1700,,1971,5,182,679,Active,,,https://www.redfin.com/IL/Wood-Dale/190-S-Wood-Dale-Rd-60191/unit-705/home/18167361,MRED as Distributed by MLS Grid,12308919,N,Y,41.9525515,-87.9799834
MLS Listing,,Single Family Residential,656 W Crockett Ave,Elmhurst,IL,60126,799900,4,3.5,Elmhurst,2564,8999,2000,5,312,,Active,,,https://www.redfin.com/IL/Elmhurst/656-W-Crockett-Ave-60126/home/17989726,MRED as Distributed by MLS Grid,12308892,N,Y,41.9160268,-87.9655452
MLS Listing,,Condo/Co-op,2546 N Harlem Ave Unit 1D,Elmwood Park,IL,60707,129900,2,1.0,Elmwood Park,850,,1967,6,153,224,Active,,,https://www.redfin.com/IL/Elmwood-Park/2546-N-Harlem-Ave-60707/unit-1D/home/13536091,MRED as Distributed by MLS Grid,12308812,N,Y,41.927076,-87.8065019
MLS Listing,,Single Family Residential,7052 W Talcott Ave,Chicago,IL,60631,319900,3,2.0,CHI - Norwood Park,900,4100,1947,6,355,,Active,,,https://www.redfin.com/IL/Chicago/7052-W-Talcott-Ave-60631/home/13508148,MRED as Distributed by MLS Grid,12307837,N,Y,41.9845459,-87.8035391
MLS Listing,,Condo/Co-op,450 S Western Ave #301,Des Plaines,IL,60016,229000,1,1.5,Des Plaines,1070,,2002,6,214,406,Active,,,https://www.redfin.com/IL/Des-Plaines/450-S-Western-Ave-60016/unit-301/home/12703516,MRED as Distributed by MLS Grid,12286865,N,Y,42.0449847,-87.8945044
MLS Listing,,Single Family Residential,3447 N Ozark Ave,Chicago,IL,60634,669900,3,3.5,CHI - Dunning,1800,3750,1959,6,372,,Active,March-16-2025 11:00 AM,March-16-2025 02:00 PM,https://www.redfin.com/IL/Chicago/3447-N-Ozark-Ave-60634/home/13541122,MRED as Distributed by MLS Grid,12308383,N,Y,41.9426889,-87.8200767
MLS Listing,,Single Family Residential,261 N Evergreen Ave,Elmhurst,IL,60126,779000,3,2.5,Elmhurst,2400,7500,1921,6,325,,Active,,,https://www.redfin.com/IL/Elmhurst/261-N-Evergreen-Ave-60126/home/18113698,MRED as Distributed by MLS Grid,12308215,N,Y,41.9057279,-87.9470699
MLS Listing,,Single Family Residential,7905 W Metropole St,Elmwood Park,IL,60707,649900,4,3.5,Elmwood Park,2016,5108,1943,6,322,,Active,,,https://www.redfin.com/IL/Elmwood-Park/7905-W-Metropole-St-60707/home/12555232,MRED as Distributed by MLS Grid,12308046,N,Y,41.934847,-87.8241129
MLS Listing,,Single Family Residential,3528 N Odell Ave,Chicago,IL,60634,354000,2,2.0,CHI - Dunning,672,3861,1925,6,527,,Active,March-16-2025 12:00 PM,March-16-2025 02:00 PM,https://www.redfin.com/IL/Chicago/3528-N-Odell-Ave-60634/home/13541339,MRED as Distributed by MLS Grid,12308005,N,Y,41.9443166,-87.8108521
MLS Listing,,Single Family Residential,6736 N Octavia Ave,Chicago,IL,60631,494900,3,2.0,CHI - Edison Park,2525,4181,1930,6,196,,Active,March-16-2025 12:00 PM,March-16-2025 03:00 PM,https://www.redfin.com/IL/Chicago/6736-N-Octavia-Ave-60631/home/13636391,MRED as Distributed by MLS Grid,12304902,N,Y,42.003706,-87.8094807
MLS Listing,,Condo/Co-op,7722 W Belmont Ave Unit GN,Chicago,IL,60634,135000,1,1.0,CHI - Dunning,700,,1984,6,193,250,Active,,,https://www.redfin.com/IL/Chicago/7722-W-Belmont-Ave-60634/unit-GN/home/194983760,MRED as Distributed by MLS Grid,12307377,N,Y,41.9381744,-87.8198377
MLS Listing,,Condo/Co-op,4600 River Rd Unit C5,Schiller Park,IL,60176,175000,2,1.0,Schiller Park,900,,1961,6,194,214,Active,,,https://www.redfin.com/IL/Schiller-Park/4600-River-Rd-60176/unit-C5/home/12684149,MRED as Distributed by MLS Grid,12307367,N,Y,41.9614463,-87.8616465
MLS Listing,,Condo/Co-op,8000 Grand Ave Unit 2N,River Grove,IL,60171,175000,2,1.0,River Grove,900,,1963,6,194,250,Active,,,https://www.redfin.com/IL/River-Grove/8000-Grand-Ave-60171/unit-2N/home/12653446,MRED as Distributed by MLS Grid,12307376,N,Y,41.9273382,-87.8259876
MLS Listing,,Condo/Co-op,2440 River Rd Unit 3E,River Grove,IL,60171,190000,2,1.0,River Grove,900,,1975,6,211,306,Active,,,https://www.redfin.com/IL/River-Grove/2440-River-Rd-60171/unit-3E/home/12684187,MRED as Distributed by MLS Grid,12307373,N,Y,41.9240946,-87.8426929
MLS Listing,,Condo/Co-op,8636 Grand Ave Unit 3A,River Grove,IL,60171,190000,2,1.0,River Grove,900,,,6,211,275,Active,,,https://www.redfin.com/IL/River-Grove/8636-Grand-Ave-60171/unit-3A/home/12569887,MRED as Distributed by MLS Grid,12307375,N,Y,41.92988,-87.841771
MLS Listing,,Single Family Residential,2551 Budd St,River Grove,IL,60171,325000,3,2.0,River Grove,1100,3750,1925,6,295,,Active,,,https://www.redfin.com/IL/River-Grove/2551-Budd-St-60171/home/13534962,MRED as Distributed by MLS Grid,12303222,N,Y,41.9261946,-87.8329484
MLS Listing,,Condo/Co-op,901 Center St #301,Des Plaines,IL,60016,329500,2,2.0,Des Plaines,1680,,1985,6,196,334,Active,,,https://www.redfin.com/IL/Des-Plaines/901-Center-St-60016/unit-301/home/13661121,MRED as Distributed by MLS Grid,12308032,N,Y,42.036946,-87.8892391
MLS Listing,,Single Family Residential,1703 S Cumberland Ave,Park Ridge,IL,60068,497500,3,1.5,Park Ridge,1400,7450,1950,6,355,,Active,,,https://www.redfin.com/IL/Park-Ridge/1703-S-Cumberland-Ave-60068/home/13561405,MRED as Distributed by MLS Grid,12307908,N,Y,41.9894091,-87.8362809
MLS Listing,,Single Family Residential,5435 N Neva Ave,Chicago,IL,60656,429000,3,2.0,CHI - Norwood Park,1120,3480,1974,6,383,,Active,,,https://www.redfin.com/IL/Chicago/5435-N-Neva-Ave-60656/home/13507012,MRED as Distributed by MLS Grid,12296353,N,Y,41.9801797,-87.8055438
MLS Listing,,Single Family Residential,2947 N 77th Ct,Elmwood Park,IL,60707,449500,5,2.0,Elmwood Park,2350,3689,1929,7,191,,Active,,,https://www.redfin.com/IL/Elmwood-Park/2947-N-77th-Ct-60707/home/194980382,MRED as Distributed by MLS Grid,12306529,N,Y,41.9341324,-87.8197733
MLS Listing,,Single Family Residential,2719 N Beulah Ave,River Grove,IL,60171,451000,5,3.0,River Grove,1560,4586,1999,7,289,,Active,,,https://www.redfin.com/IL/River-Grove/2719-Beulah-Ave-60171/home/22857099,MRED as Distributed by MLS Grid,12307728,N,Y,41.929886,-87.8472507
MLS Listing,,Multi-Family (2-4 Unit),5010 Harold Ave,Schiller Park,IL,60176,499999,7,3.0,Schiller Park,,19602,1930,7,,,Active,,,https://www.redfin.com/IL/Schiller-Park/5010-Harold-Ave-60176/home/192022656,MRED as Distributed by MLS Grid,12307701,N,Y,41.9700512,-87.8700579
MLS Listing,,Single Family Residential,3307 N Pontiac Ave,Chicago,IL,60634,399000,5,3.0,CHI - Dunning,826,3600,1930,7,483,,Active,,,https://www.redfin.com/IL/Chicago/3307-N-Pontiac-Ave-60634/home/13543467,MRED as Distributed by MLS Grid,12307425,N,Y,41.9395567,-87.8346481
MLS Listing,,Condo/Co-op,805 Leicester Rd #211,Elk Grove Village,IL,60007,254900,2,2.0,Chardonnay on the Lake,1000,,1992,7,255,512,Active,,,https://www.redfin.com/IL/Elk-Grove-Village/805-Leicester-Rd-60007/unit-211/home/192317380,MRED as Distributed by MLS Grid,12307486,N,Y,42.0064932,-88.0130609
MLS Listing,,Single Family Residential,3023 N Oconto Ave,Chicago,IL,60707,599500,5,3.0,CHI - Dunning,2752,3750,1954,8,218,,Active,March-16-2025 11:00 AM,March-16-2025 03:30 PM,https://www.redfin.com/IL/Chicago/3023-N-Oconto-Ave-60707/home/13538106,MRED as Distributed by MLS Grid,12307364,N,Y,41.9352114,-87.8076065
MLS Listing,,Single Family Residential,2837 N 72nd Ct,Elmwood Park,IL,60707,339900,3,2.0,Elmwood Park,980,3750,1938,8,347,,Active,,,https://www.redfin.com/IL/Elmwood-Park/2837-N-72nd-Ct-60707/home/13539220,MRED as Distributed by MLS Grid,12307347,N,Y,41.9322192,-87.8075003
MLS Listing,,Condo/Co-op,32 W Conti Pkwy Unit 1A,Elmwood Park,IL,60707,205000,2,2.0,Elmwood Park,978,,1986,8,210,349,Active,,,https://www.redfin.com/IL/Elmwood-Park/32-W-Conti-Pkwy-60707/unit-1A/home/13538445,MRED as Distributed by MLS Grid,12307248,N,Y,41.9280424,-87.8170499
MLS Listing,,Single Family Residential,7609 W Gunnison St,Harwood Heights,IL,60706,449000,3,2.0,Harwood Heights,1300,4360,1962,9,345,,Active,,,https://www.redfin.com/IL/Norridge/7609-W-Gunnison-St-60706/home/13554653,MRED as Distributed by MLS Grid,12307061,N,Y,41.9678933,-87.8174591
MLS Listing,,Condo/Co-op,190 S Wood Dale Rd #607,Wood Dale,IL,60191,259900,2,2.0,Brookwood on the Greens,1400,,1971,9,186,616,Active,,,https://www.redfin.com/IL/Wood-Dale/190-S-Wood-Dale-Rd-60191/unit-607/home/18167365,MRED as Distributed by MLS Grid,12306998,N,Y,41.9525515,-87.9799834
MLS Listing,,Condo/Co-op,440 E Montrose Ave #310,Wood Dale,IL,60191,289000,3,2.0,Whispering Oaks,1250,,1991,9,231,350,Active,,,https://www.redfin.com/IL/Wood-Dale/440-E-Montrose-Ave-60191/unit-310/home/18168313,MRED as Distributed by MLS Grid,12306386,N,Y,41.9567568,-87.9636319
MLS Listing,,Condo/Co-op,2222 S Goebbert Rd #157,Arlington Heights,IL,60005,165000,1,1.0,Arlington Heights,,,1970,9,,347,Active,,,https://www.redfin.com/IL/Arlington-Heights/2222-S-Goebbert-Rd-60005/unit-157/home/13695462,MRED as Distributed by MLS Grid,12302638,N,Y,42.04507,-87.978451
MLS Listing,,Condo/Co-op,8637 1/2 W Foster Ave Unit 1B,Chicago,IL,60656,224900,2,1.5,CHI - O'Hare,900,,1979,9,250,255,Active,,,https://www.redfin.com/IL/Chicago/8637-1-2-W-Foster-Ave-60656/unit-1B/home/194969302,MRED as Distributed by MLS Grid,12306623,N,Y,41.973171,-87.8429758
MLS Listing,,Single Family Residential,1933 Birch St,Des Plaines,IL,60016,599900,3,2.5,Des Plaines,2623,,1969,9,229,,Active,,,https://www.redfin.com/IL/Des-Plaines/1933-Birch-St-60018/home/13646238,MRED as Distributed by MLS Grid,12306734,N,Y,42.0185317,-87.8768276
MLS Listing,,Single Family Residential,115 Iroquois Trl,Wood Dale,IL,60191,439000,5,3.0,Wood Dale,3098,14664,1971,9,142,,Active,,,https://www.redfin.com/IL/Wood-Dale/115-Iroquois-Trl-60191/home/18167817,MRED as Distributed by MLS Grid,12306286,N,Y,41.9562731,-87.9711508
MLS Listing,,Single Family Residential,1131 S 3rd Ave,Des Plaines,IL,60016,424975,3,1.5,Des Plaines,1793,8280,1952,9,237,,Active,,,https://www.redfin.com/IL/Des-Plaines/1131-S-3rd-Ave-60016/home/13662840,MRED as Distributed by MLS Grid,12306495,N,Y,42.0322795,-87.9013799
MLS Listing,,Condo/Co-op,2500 Windsor Mall Unit 1H,Park Ridge,IL,60068,285000,2,2.0,Bristol Court,1350,,1974,9,211,640,Active,March-16-2025 11:30 AM,March-16-2025 01:00 PM,https://www.redfin.com/IL/Park-Ridge/2500-Windsor-Mall-60068/unit-1H/home/13641525,MRED as Distributed by MLS Grid,12300299,N,Y,42.0046308,-87.8578528
MLS Listing,,Single Family Residential,72 Braemar Dr,Elk Grove Village,IL,60007,359900,3,2.0,Elk Grove Village,1510,,1964,9,238,,Active,,,https://www.redfin.com/IL/Elk-Grove-Village/72-Braemar-Dr-60007/home/13684651,MRED as Distributed by MLS Grid,12289133,N,Y,41.9962903,-87.9997029
MLS Listing,,Condo/Co-op,7110 W Cullom Ave #103,Norridge,IL,60706,250000,2,1.5,Norridge House,1200,,1984,9,208,260,Active,,,https://www.redfin.com/IL/Norridge/7110-W-Cullom-Ave-60706/unit-103/home/13472962,MRED as Distributed by MLS Grid,12290106,N,Y,41.9587261,-87.8054248
MLS Listing,,Condo/Co-op,8455 W Leland Ave #204,Chicago,IL,60656,155000,1,1.0,Pueblo Commons,850,,1975,9,182,300,Active,,,https://www.redfin.com/IL/Chicago/8455-W-Leland-Ave-60656/unit-204/home/161157054,MRED as Distributed by MLS Grid,12306339,N,Y,41.9649196,-87.8383116
MLS Listing,,Single Family Residential,600 Walnut Ln,Elk Grove Village,IL,60007,379900,3,2.0,Centex,1760,7919,1963,9,216,,Active,,,https://www.redfin.com/IL/Elk-Grove-Village/600-Walnut-Ln-60007/home/13684760,MRED as Distributed by MLS Grid,12300190,N,Y,41.9958685,-87.9821124
MLS Listing,,Vacant Land,425 Talcott Rd,Park Ridge,IL,60068,545000,,,Park Ridge,,7920,,9,,,Active,,,https://www.redfin.com/IL/Park-Ridge/425-Talcott-Pl-60068/home/194963484,MRED as Distributed by MLS Grid,12306329,N,Y,41.9946702,-87.8292281
MLS Listing,,Single Family Residential,344 E Goebel Dr,Lombard,IL,60148,924995,5,2.5,Lombard,3348,12196,2014,9,276,,Active,,,https://www.redfin.com/IL/Lombard/344-E-Goebel-Dr-60148/home/21737987,MRED as Distributed by MLS Grid,12299165,N,Y,41.9021371,-88.0085629
MLS Listing,,Condo/Co-op,3021 N Harlem Ave Unit 1W,Chicago,IL,60634,279999,3,2.0,CHI - Montclare,1441,,,10,194,350,Active,,,https://www.redfin.com/IL/Chicago/3021-N-Harlem-Ave-60634/unit-1W/home/12793999,MRED as Distributed by MLS Grid,12306079,N,Y,41.9350443,-87.8062797
MLS Listing,,Condo/Co-op,400 S Northwest Hwy #309,Park Ridge,IL,60068,340000,1,1.0,Waterford Place,1200,,1995,10,283,431,Active,,,https://www.redfin.com/IL/Park-Ridge/400-South-Northwest-Hwy-60068/unit-309/home/183860867,MRED as Distributed by MLS Grid,12306056,N,Y,42.0064622,-87.8230938
MLS Listing,,Single Family Residential,7231 N Oriole Ave,Chicago,IL,60631,599900,4,3.0,CHI - Edison Park,2400,4960,,10,250,,Active,,,https://www.redfin.com/IL/Chicago/7231-N-Oriole-Ave-60631/home/13651700,MRED as Distributed by MLS Grid,12305991,N,Y,42.0123751,-87.8160747
MLS Listing,,Single Family Residential,7314 W Addison St,Chicago,IL,60634,295000,3,2.0,CHI - Dunning,800,3750,1924,10,369,,Active,,,https://www.redfin.com/IL/Chicago/7314-W-Addison-St-60634/home/13542433,MRED as Distributed by MLS Grid,12305697,N,Y,41.9454092,-87.8099749
MLS Listing,,Single Family Residential,310 N Elm St,Itasca,IL,60143,625000,4,4.0,Itasca,2600,6700,1875,10,240,,Active,,,https://www.redfin.com/IL/Itasca/310-N-Elm-St-60143/home/18172685,MRED as Distributed by MLS Grid,12291099,N,Y,41.97347,-88.0121043
MLS Listing,,Single Family Residential,9653 Palmer Ave,Melrose Park,IL,60164,330000,3,2.0,Leyden Gardens,1379,,1954,10,239,,Active,March-16-2025 11:00 AM,March-16-2025 03:00 PM,https://www.redfin.com/IL/Melrose-Park/9653-Palmer-Ave-60164/home/13525027,MRED as Distributed by MLS Grid,12294144,N,Y,41.9185242,-87.8668865
MLS Listing,,Single Family Residential,2723 N Beulah Ave,River Grove,IL,60171,449000,3,2.0,River Grove,2530,8276,1942,10,177,,Active,,,https://www.redfin.com/IL/River-Grove/2723-Beulah-Ave-60171/home/13533857,MRED as Distributed by MLS Grid,12305228,N,Y,41.9300631,-87.8473623
MLS Listing,,Single Family Residential,3700 Emerson St,Schiller Park,IL,60176,474900,4,3.0,Schiller Park,2300,4375,1964,10,206,,Active,,,https://www.redfin.com/IL/Schiller-Park/3700-Emerson-St-60176/home/13549498,MRED as Distributed by MLS Grid,12305461,N,Y,41.9458946,-87.8723327
MLS Listing,,Townhouse,1754 Park Ridge Pt #1754,Park Ridge,IL,60068,694900,4,4.5,Park Ridge Pointe,2550,,1997,10,273,395,Active,,,https://www.redfin.com/IL/Park-Ridge/1754-Park-Ridge-Pt-60068/unit-1754/home/12798478,MRED as Distributed by MLS Grid,12305373,N,Y,42.038193,-87.865475
MLS Listing,,Single Family Residential,1144 W Trinity Dr,Addison,IL,60101,650000,3,3.0,Addison,2812,8400,1989,10,231,8,Active,March-16-2025 11:00 AM,March-16-2025 03:00 PM,https://www.redfin.com/IL/Addison/1144-W-Trinity-Dr-60101/home/18166142,MRED as Distributed by MLS Grid,12294840,N,Y,41.952711,-88.0156224
MLS Listing,,Condo/Co-op,465 W Dominion Dr #710,Wood Dale,IL,60191,315000,3,2.0,Dominion Tower,1800,,1974,10,175,529,Active,,,https://www.redfin.com/IL/Wood-Dale/465-W-Dominion-Dr-60191/unit-710/home/192970623,MRED as Distributed by MLS Grid,12294030,N,Y,41.9476413,-87.9954893
MLS Listing,,Condo/Co-op,7321 W Fullerton Ave #10,Elmwood Park,IL,60707,179900,2,1.0,Elmwood Park,900,,1969,10,200,376,Active,,,https://www.redfin.com/IL/Elmwood-Park/7321-W-Fullerton-Ave-60707/unit-10/home/12796359,MRED as Distributed by MLS Grid,12305249,N,Y,41.9231863,-87.8096376
MLS Listing,,Single Family Residential,2716 N 73rd Ave,Elmwood Park,IL,60707,499900,4,2.0,Elmwood Park,1900,2935,1969,10,263,,Active,,,https://www.redfin.com/IL/Elmwood-Park/2716-N-73rd-Ave-60707/home/12567992,MRED as Distributed by MLS Grid,12305240,N,Y,41.9296812,-87.8091831
MLS Listing,,Single Family Residential,149 N Spruce Ave,Wood Dale,IL,60191,729900,4,2.5,Arbor Woods,3477,,2007,10,210,81,Active,,,https://www.redfin.com/IL/Wood-Dale/149-N-Spruce-Ave-60191/home/17976635,MRED as Distributed by MLS Grid,12261130,N,Y,41.9586718,-87.9606014
MLS Listing,,Single Family Residential,3311 N Nottingham Ave,Chicago,IL,60634,460000,3,2.0,CHI - Dunning,1321,3780,1950,11,348,,Active,,,https://www.redfin.com/IL/Chicago/3311-N-Nottingham-Ave-60634/home/13469276,MRED as Distributed by MLS Grid,12299196,N,Y,41.9402441,-87.8046358
MLS Listing,,Condo/Co-op,210 N Addison Ave #202,Elmhurst,IL,60126,429900,1,1.0,Elmhurst,1035,,1999,11,415,399,Active,,,https://www.redfin.com/IL/Elmhurst/210-N-Addison-Ave-60126/unit-202/home/172251670,MRED as Distributed by MLS Grid,12305188,N,Y,41.9035151,-87.9418286
MLS Listing,,Condo/Co-op,2600 Windsor Unit 2E,Park Ridge,IL,60068,284900,2,2.0,Bristol Court,1320,,1970,11,216,640,Active,,,https://www.redfin.com/IL/Park-Ridge/2600-Windsor-Mall-60068/unit-2E/home/13641647,MRED as Distributed by MLS Grid,12302974,N,Y,42.0047589,-87.8586735
MLS Listing,,Condo/Co-op,7420 W Lawrence Ave #109,Harwood Heights,IL,60706,299900,2,2.0,Courtyard of Harwood Heights,,,,11,,353,Active,,,https://www.redfin.com/IL/Harwood-Heights/7420-W-Lawrence-Ave-60706/unit-109/home/13554908,MRED as Distributed by MLS Grid,12302533,N,Y,41.9679165,-87.8129835
MLS Listing,,Condo/Co-op,6845 N Northwest Hwy Unit 1E,Chicago,IL,60631,160000,0,1.0,CHI - Edison Park,,,1966,11,,280,Active,,,https://www.redfin.com/IL/Chicago/6845-N-Northwest-Hwy-60631/unit-1E/home/18945009,MRED as Distributed by MLS Grid,12300275,N,Y,42.0055143,-87.8198762
MLS Listing,,Single Family Residential,1772 Birch St,Des Plaines,IL,60018,659000,4,2.5,Des Plaines,3162,9900,1929,11,208,,Active,,,https://www.redfin.com/IL/Des-Plaines/1772-Birch-St-60018/home/13645944,MRED as Distributed by MLS Grid,12304524,N,Y,42.0213162,-87.8774907
MLS Listing,,Condo/Co-op,1101 S Hunt Club Dr #101,Mount Prospect,IL,60056,210000,2,2.0,Hunt Club on the Lake,1000,,1978,11,210,430,Active,,,https://www.redfin.com/IL/Mount-Prospect/1101-S-Hunt-Club-Dr-60056/unit-101/home/13695873,MRED as Distributed by MLS Grid,12304797,N,Y,42.0441249,-87.9451523
MLS Listing,,Condo/Co-op,8631 W Grand Ave Unit 2E,River Grove,IL,60171,399000,3,2.0,River Grove,,,2025,11,,200,Active,March-16-2025 01:00 PM,March-16-2025 02:30 PM,https://www.redfin.com/IL/River-Grove/8631-W-Grand-Ave-60171/unit-2E/home/194943011,MRED as Distributed by MLS Grid,12304785,N,Y,41.9294148,-87.8421911
MLS Listing,,Single Family Residential,576 Arlington Ave,Des Plaines,IL,60016,799000,4,4.0,Silk Stocking,3627,14810,,11,220,,Active,,,https://www.redfin.com/IL/Des-Plaines/576-Arlington-Ave-60016/home/13664722,MRED as Distributed by MLS Grid,12303914,N,Y,42.0427255,-87.8955932
MLS Listing,,Townhouse,2805 N 73rd Ave #1003,Elmwood Park,IL,60707,374900,3,2.5,Elmwood Park,1800,,2000,11,208,175,Active,,,https://www.redfin.com/IL/Elmwood-Park/2805-N-73rd-Ave-60707/unit-1003/home/12745655,MRED as Distributed by MLS Grid,12303113,N,Y,41.931105,-87.808731
MLS Listing,,Single Family Residential,4145 N Ozanam Ave,Norridge,IL,60706,365000,2,1.0,Norridge,1280,3781,1946,11,285,,Active,,,https://www.redfin.com/IL/Norridge/4145-N-Ozanam-Ave-60706/home/13553601,MRED as Distributed by MLS Grid,12303902,N,Y,41.9554364,-87.8216871
MLS Listing,,Single Family Residential,4142 N Ottawa Ave,Norridge,IL,60706,828000,4,2.5,Norridge,3300,,1928,11,251,,Active,,,https://www.redfin.com/IL/Norridge/4142-N-Ottawa-Ave-60706/home/13552971,MRED as Distributed by MLS Grid,12303544,N,Y,41.9555948,-87.8185741
MLS Listing,,Condo/Co-op,330 Masters Dr,Addison,IL,60101,414266,2,2.0,Mill Creek,1281,,2024,11,323,215,Active,March-16-2025 11:00 AM,March-16-2025 03:00 PM,https://www.redfin.com/IL/Addison/330-Masters-DR-60101/home/191583173,MRED as Distributed by MLS Grid,12304241,N,Y,41.9320859,-88.0020589
MLS Listing,,Single Family Residential,430 W Fremont Ave,Elmhurst,IL,60126,1495000,5,4.5,Elmhurst,3497,7260,2024,12,428,,Active,,,https://www.redfin.com/IL/Elmhurst/430-W-Fremont-Ave-60126/home/18155675,MRED as Distributed by MLS Grid,12304012,N,Y,41.9095804,-87.9554818
MLS Listing,,Single Family Residential,3418 N Nordica Ave,Chicago,IL,60634,489900,4,2.0,CHI - Dunning,,3810,1938,12,,,Active,,,https://www.redfin.com/IL/Chicago/3418-N-Nordica-Ave-60634/home/13468642,MRED as Distributed by MLS Grid,12298269,N,Y,41.9423175,-87.8034462
MLS Listing,,Single Family Residential,306 E Sunset Ave,Lombard,IL,60148,649000,4,3.0,Lombard,2032,11100,1953,12,319,,Active,,,https://www.redfin.com/IL/Lombard/306-E-Sunset-Ave-60148/home/18109230,MRED as Distributed by MLS Grid,12303696,N,Y,41.9009836,-88.0099909
MLS Listing,,Condo/Co-op,7600 W Irving Park Rd Unit B,Norridge,IL,60706,459000,3,3.5,Norridge,2400,,2006,12,191,175,Active,March-16-2025 01:00 PM,March-16-2025 03:00 PM,https://www.redfin.com/IL/Norridge/7600-W-Irving-Park-Rd-60706/unit-B/home/26803932,MRED as Distributed by MLS Grid,12302630,N,Y,41.952783,-87.817528
MLS Listing,,Single Family Residential,2075 N 19th Ave,Melrose Park,IL,60160,450000,5,2.0,North Ave Home Acres,1392,3354,2023,12,323,,Active,,,https://www.redfin.com/IL/Melrose-Park/2075-N-19th-Ave-60160/home/13524585,MRED as Distributed by MLS Grid,12302483,N,Y,41.9148888,-87.857271
MLS Listing,,Single Family Residential,3617 N Nottingham Ave,Chicago,IL,60634,419999,5,3.0,CHI - Dunning,2200,3600,1920,13,191,,Active,,,https://www.redfin.com/IL/Chicago/3617-N-Nottingham-Ave-60634/home/13470295,MRED as Distributed by MLS Grid,12303146,N,Y,41.9458637,-87.8043035
MLS Listing,,Condo/Co-op,170 N Northwest Hwy #407,Park Ridge,IL,60068,475000,2,2.0,Residences of Uptown,1100,,2007,13,432,410,Active,,,https://www.redfin.com/IL/Park-Ridge/170-N-Northwest-Hwy-60068/unit-407/home/26800175,MRED as Distributed by MLS Grid,12302867,N,Y,42.0127083,-87.8320613
MLS Listing,,Vacant Land,819 Busse Hwy,Park Ridge,IL,60068,2200000,,,Park Ridge,,,,13,,,Active,,,https://www.redfin.com/IL/Park-Ridge/819-Busse-Hwy-60068/home/22779335,MRED as Distributed by MLS Grid,12302695,N,Y,42.0222834,-87.8511156
MLS Listing,,Single Family Residential,7236 W Palatine Ave,Chicago,IL,60631,449000,3,2.0,CHI - Edison Park,1721,3927,,13,261,,Active,,,https://www.redfin.com/IL/Chicago/7236-W-Palatine-Ave-60631/home/13565983,MRED as Distributed by MLS Grid,12297068,N,Y,41.9956255,-87.8083298
MLS Listing,,Single Family Residential,1203 Dover Ln,Elk Grove Village,IL,60007,489000,5,2.5,Centex,2400,,1971,13,204,,Active,,,https://www.redfin.com/IL/Elk-Grove-Village/1203-Dover-Ln-60007/home/13685438,MRED as Distributed by MLS Grid,12302711,N,Y,41.9965866,-88.0122869
MLS Listing,,Single Family Residential,6949 W Montrose Ave,Harwood Heights,IL,60706,375000,3,1.0,Harwood Heights,864,,1956,13,434,,Active,,,https://www.redfin.com/IL/Harwood-Heights/6949-W-Montrose-Ave-60706/home/13472787,MRED as Distributed by MLS Grid,12302625,N,Y,41.9608059,-87.8019914
MLS Listing,,Single Family Residential,8531 Center St,River Grove,IL,60171,399900,5,3.0,River Grove,,7500,1926,13,,,Active,,,https://www.redfin.com/IL/River-Grove/8531-Center-St-60171/home/13535979,MRED as Distributed by MLS Grid,12145533,N,Y,41.9299468,-87.8391723
MLS Listing,,Single Family Residential,901 S Westgate Rd,Des Plaines,IL,60016,569900,4,2.0,Des Plaines,2595,10881,1961,13,220,,Active,,,https://www.redfin.com/IL/Des-Plaines/901-S-Westgate-Rd-60016/home/13664168,MRED as Distributed by MLS Grid,12302512,N,Y,42.0357406,-87.9192512
MLS Listing,,Single Family Residential,2105 Glenview Ave,Park Ridge,IL,60068,398000,2,1.0,Park Ridge,,6600,1951,13,,,Active,,,https://www.redfin.com/IL/Park-Ridge/2105-Glenview-Ave-60068/home/12572309,MRED as Distributed by MLS Grid,12301408,N,Y,42.0284387,-87.8531928
MLS Listing,,Single Family Residential,1224 White St,Des Plaines,IL,60018,400000,5,2.0,Des Plaines,1409,6250,1922,13,284,,Active,,,https://www.redfin.com/IL/Des-Plaines/1224-White-St-60018/home/13660171,MRED as Distributed by MLS Grid,12302094,N,Y,42.0312074,-87.8848166
MLS Listing,,Single Family Residential,3931 N Panama Ave,Chicago,IL,60634,485000,3,3.0,Belmont Heights,1950,3750,1955,13,249,,Active,,,https://www.redfin.com/IL/Chicago/3931-N-Panama-Ave-60634/home/13547002,MRED as Distributed by MLS Grid,12302374,N,Y,41.9514159,-87.8290459
MLS Listing,,Condo/Co-op,44 Park Ln #435,Park Ridge,IL,60068,545000,2,2.0,Park Ridge,1640,,1979,13,332,760,Active,,,https://www.redfin.com/IL/Park-Ridge/44-Park-Ln-60068/unit-435/home/13648102,MRED as Distributed by MLS Grid,12302292,N,Y,42.013844,-87.85951
MLS Listing,,Single Family Residential,2914 N 77th Ave,Elmwood Park,IL,60707,428000,5,3.0,Elmwood Park,1263,3841,1929,13,339,,Active,,,https://www.redfin.com/IL/Elmwood-Park/2914-N-77th-Ave-60707/home/13539771,MRED as Distributed by MLS Grid,12302128,N,Y,41.9330762,-87.8190734
MLS Listing,,Single Family Residential,1133 Fortuna Ave,Park Ridge,IL,60068,1450000,4,3.5,Park Ridge,3800,,2023,13,382,,Active,,,https://www.redfin.com/IL/Park-Ridge/1133-Fortuna-Ave-60068/home/13657558,MRED as Distributed by MLS Grid,12301981,N,Y,42.0276232,-87.8530744
MLS Listing,,Single Family Residential,1096 Van Buren St,Des Plaines,IL,60018,300000,2,1.0,Des Plaines,895,8640,1953,15,335,,Active,,,https://www.redfin.com/IL/Des-Plaines/1096-Van-Buren-Ave-60018/home/13659891,MRED as Distributed by MLS Grid,12299379,N,Y,42.0301827,-87.8968664
MLS Listing,,Condo/Co-op,805 Leicester Rd #118,Elk Grove Village,IL,60007,264900,2,2.0,Chardonnay on the Lake,,,1992,15,,470,Active,March-16-2025 12:00 PM,March-16-2025 02:00 PM,https://www.redfin.com/IL/Elk-Grove-Village/805-Leicester-Rd-60007/unit-118/home/183684276,MRED as Distributed by MLS Grid,12301203,N,Y,42.0065249,-88.0131471
MLS Listing,,Single Family Residential,1047 N Harvard Ave,Villa Park,IL,60181,774900,4,3.5,Villa Park,2800,9844,2024,15,277,,Active,,,https://www.redfin.com/IL/Villa-Park/1047-N-Harvard-Ave-60181/home/192400091,MRED as Distributed by MLS Grid,12301355,N,Y,41.9106052,-87.9830649
MLS Listing,,Single Family Residential,44 S Iowa Ave,Addison,IL,60101,360000,5,2.0,Addison,1113,7980,1954,16,323,,Active,,,https://www.redfin.com/IL/Addison/44-S-Iowa-Ave-60101/home/18158203,MRED as Distributed by MLS Grid,12301178,N,Y,41.925625,-87.9876483
MLS Listing,,Townhouse,131 Schiller Pl,Itasca,IL,60143,399900,3,2.5,Itasca,2500,,1995,16,160,375,Active,,,https://www.redfin.com/IL/Itasca/131-Schiller-Pl-60143/home/194898558,MRED as Distributed by MLS Grid,12300799,N,Y,41.9699906,-88.010759
MLS Listing,,Single Family Residential,1220 Peterson Ave,Park Ridge,IL,60068,550000,3,2.0,Park Ridge,2005,7176,,16,274,,Active,,,https://www.redfin.com/IL/Park-Ridge/1220-Peterson-Ave-60068/home/13563403,MRED as Distributed by MLS Grid,12301062,N,Y,41.9885664,-87.8421626
MLS Listing,,Single Family Residential,903 Jarvis Ave,Des Plaines,IL,60018,699500,5,3.0,Des Plaines,2800,10018,1977,16,250,,Active,,,https://www.redfin.com/IL/Des-Plaines/903-Jarvis-Ave-60018/home/13645591,MRED as Distributed by MLS Grid,12301048,N,Y,42.0126275,-87.9003587
MLS Listing,,Single Family Residential,2624 Hessing St,River Grove,IL,60171,350000,4,2.0,River Grove,1294,,1953,16,270,,Active,,,https://www.redfin.com/IL/River-Grove/2624-Hessing-St-60171/home/13535959,MRED as Distributed by MLS Grid,12300181,N,Y,41.9274958,-87.8322918
MLS Listing,,Single Family Residential,423 Emmerson Ave,Itasca,IL,60143,696500,4,2.5,Itasca,2486,7150,1998,16,280,,Active,,,https://www.redfin.com/IL/Itasca/423-Emmerson-Ave-60143/home/18171928,MRED as Distributed by MLS Grid,12300782,N,Y,41.9646943,-88.0016548
MLS Listing,,Single Family Residential,7746 W Talcott Ave,Chicago,IL,60631,425000,2,2.0,CHI - Norwood Park,1015,3484,1945,16,419,,Active,,,https://www.redfin.com/IL/Chicago/7746-W-Talcott-Ave-60631/home/13566768,MRED as Distributed by MLS Grid,12282543,N,Y,41.9927985,-87.8205926
MLS Listing,,Single Family Residential,756 W Lincoln Ln,Des Plaines,IL,60018,440000,5,2.0,Des Plaines,1239,22500,1951,16,355,,Active,March-16-2025 01:30 PM,March-16-2025 03:30 PM,https://www.redfin.com/IL/Des-Plaines/756-W-Lincoln-Ln-60018/home/13691060,MRED as Distributed by MLS Grid,12296232,N,Y,42.024928,-87.9376008
MLS Listing,,Single Family Residential,1622 E Walnut Ave,Des Plaines,IL,60016,324900,4,1.5,Des Plaines,2000,7500,1928,17,162,,Active,,,https://www.redfin.com/IL/Des-Plaines/1622-E-Walnut-Ave-60016/home/13659852,MRED as Distributed by MLS Grid,12300587,N,Y,42.0346136,-87.8838863
MLS Listing,,Single Family Residential,3613 Dora St,Franklin Park,IL,60131,349900,3,1.0,Franklin Park,1025,4965,1957,17,341,,Active,,,https://www.redfin.com/IL/Franklin-Park/3613-Dora-St-60131/home/13549284,MRED as Distributed by MLS Grid,12300124,N,Y,41.944235,-87.8801529
MLS Listing,,Single Family Residential,462 W Fremont Ave,Elmhurst,IL,60126,1100000,4,4.0,Emery Manor,3517,7405,2002,17,313,,Active,,,https://www.redfin.com/IL/Elmhurst/462-W-Fremont-Ave-60126/home/16895228,MRED as Distributed by MLS Grid,12297117,N,Y,41.9094812,-87.9569513
MLS Listing,,Multi-Family (2-4 Unit),2630 N 73rd Ct,Elmwood Park,IL,60707,615000,5,3.0,Elmwood Park,,4092,1956,17,,,Active,,,https://www.redfin.com/IL/Elmwood-Park/2630-N-73rd-Ct-60707/home/194721507,MRED as Distributed by MLS Grid,12300389,N,Y,41.9282992,-87.8103413
MLS Listing,,Single Family Residential,19 N Iowa Ave,Addison,IL,60101,335000,2,1.0,Addison,,6950,1951,17,,,Active,,,https://www.redfin.com/IL/Addison/19-N-Iowa-Ave-60101/home/18159118,MRED as Distributed by MLS Grid,12300265,N,Y,41.9281527,-87.9870413
MLS Listing,,Single Family Residential,6608 N Oconto Ave,Chicago,IL,60631,375000,3,2.0,CHI - Edison Park,1300,5000,1930,17,288,,Active,,,https://www.redfin.com/IL/Chicago/6608-N-Oconto-Ave-60631/home/13635580,MRED as Distributed by MLS Grid,12285061,N,Y,42.0011032,-87.8082845
MLS Listing,,Single Family Residential,6937 W Berwyn Ave,Chicago,IL,60656,374997,2,1.0,CHI - Norwood Park,1300,2500,1960,17,288,,Active,,,https://www.redfin.com/IL/Chicago/6937-W-Berwyn-Ave-60656/home/13506330,MRED as Distributed by MLS Grid,12299754,N,Y,41.9769461,-87.8012053
MLS Listing,,Single Family Residential,273 Hayes Dr,Northlake,IL,60164,409900,4,2.0,,10200,10200,1951,17,40,,Active,,,https://www.redfin.com/IL/Northlake/Undisclosed-address-60164/home/13529211,MRED as Distributed by MLS Grid,12299953,N,Y,41.922811,-87.894582
MLS Listing,,Single Family Residential,211 Lake Ave,Park Ridge,IL,60068,999999,4,3.0,Park Ridge,2465,12806,1910,17,406,,Active,,,https://www.redfin.com/IL/Park-Ridge/211-Lake-Ave-60068/home/13637146,MRED as Distributed by MLS Grid,12201739,N,Y,42.0055537,-87.824541
MLS Listing,,Single Family Residential,7771 W Elmgrove Dr,Elmwood Park,IL,60707,399990,4,1.5,Elmwood Park,1400,3619,1929,17,286,,Active,,,https://www.redfin.com/IL/Elmwood-Park/7771-W-Elmgrove-Dr-60707/home/13540569,MRED as Distributed by MLS Grid,12299705,N,Y,41.9317292,-87.8208127
MLS Listing,,Multi-Family (2-4 Unit),1933 N 18th Ave,Melrose Park,IL,60160,665000,7,3.0,Melrose Park,,8712,1971,17,,,Active,,,https://www.redfin.com/IL/Melrose-Park/1933-N-18th-Ave-60160/home/13525156,MRED as Distributed by MLS Grid,12299430,N,Y,41.9095972,-87.8556469
MLS Listing,,Condo/Co-op,500 Thames Pkwy Unit 1C,Park Ridge,IL,60068,275000,2,2.0,Bristol Court,1261,,1970,17,218,559,Active,,,https://www.redfin.com/IL/Park-Ridge/500-Thames-Pkwy-60068/unit-1C/home/13642410,MRED as Distributed by MLS Grid,12293564,N,Y,42.0052904,-87.8584464
MLS Listing,,Condo/Co-op,3023 Paris Ave #207,River Grove,IL,60171,184000,2,1.0,River Grove,900,,1970,18,204,280,Active,,,https://www.redfin.com/IL/River-Grove/3023-Paris-Ave-60171/unit-207/home/13536114,MRED as Distributed by MLS Grid,12299711,N,Y,41.9353559,-87.8296827
MLS Listing,,Single Family Residential,8140 W Catherine Ave,Chicago,IL,60656,575000,4,2.0,CHI - Norwood Park,1536,6480,1963,18,374,,Active,,,https://www.redfin.com/IL/Chicago/8140-W-Catherine-Ave-60656/home/13559458,MRED as Distributed by MLS Grid,12299600,N,Y,41.9775335,-87.8307588
MLS Listing,,Single Family Residential,6488 N Oxford Ave,Chicago,IL,60631,449000,3,1.5,CHI - Edison Park,1216,,1949,18,369,,Active,,,https://www.redfin.com/IL/Chicago/6488-N-Oxford-Ave-60631/home/13634985,MRED as Distributed by MLS Grid,12299240,N,Y,41.9990453,-87.8187672
MLS Listing,,Condo/Co-op,4624 N Commons Dr #111,Chicago,IL,60656,169900,1,1.0,CHI - O'Hare,700,,1979,18,243,302,Active,March-16-2025 01:00 PM,March-16-2025 04:00 PM,https://www.redfin.com/IL/Chicago/4624-N-Commons-Dr-60656/unit-111/home/13551558,MRED as Distributed by MLS Grid,12297411,N,Y,41.9649706,-87.8383396
MLS Listing,,Single Family Residential,1001 Oakton St,Park Ridge,IL,60068,589000,5,3.0,Park Ridge,2514,7501,1954,18,234,,Active,,,https://www.redfin.com/IL/Park-Ridge/1001-Oakton-St-60068/home/13649202,MRED as Distributed by MLS Grid,12299198,N,Y,42.0253,-87.8372756
MLS Listing,,Condo/Co-op,720 Wellington Ave #516,Elk Grove Village,IL,60007,250000,2,2.0,Village on the Lake,1100,,1972,18,227,475,Active,,,https://www.redfin.com/IL/Elk-Grove-Village/720-Wellington-Ave-60007/unit-516/home/13688189,MRED as Distributed by MLS Grid,12298021,N,Y,42.0065018,-88.01098
MLS Listing,,Townhouse,1370 Fargo Ave Unit E,Des Plaines,IL,60018,269000,3,1.5,Des Plaines,1152,,1960,19,234,,Active,,,https://www.redfin.com/IL/Des-Plaines/1370-Fargo-Ave-60018/unit-E/home/183845243,MRED as Distributed by MLS Grid,12298731,N,Y,42.013409,-87.8902809
MLS Listing,,Single Family Residential,244 N Maison Ct,Elmhurst,IL,60126,2350000,5,6.5,Elmhurst,4297,12967,2025,19,547,,Active,,,https://www.redfin.com/IL/Elmhurst/244-N-Maison-Ct-60126/home/18115141,MRED as Distributed by MLS Grid,12294243,N,Y,41.9032914,-87.9249152
MLS Listing,,Townhouse,217 N Larch Ave,Elmhurst,IL,60126,1575000,4,3.5,Elmhurst,3566,3750,2018,19,442,250,Active,,,https://www.redfin.com/IL/Elmhurst/217-N-Larch-Ave-60126/home/81078789,MRED as Distributed by MLS Grid,12288562,N,Y,41.9042267,-87.9426396
MLS Listing,,Condo/Co-op,7238 W Belmont Ave Unit 3E,Chicago,IL,60634,349800,3,2.0,CHI - Dunning,1350,,2008,19,259,343,Active,,,https://www.redfin.com/IL/Chicago/7238-W-Belmont-Ave-60634/unit-3E/home/145681260,MRED as Distributed by MLS Grid,12296740,N,Y,41.9382524,-87.8083903
MLS Listing,,Single Family Residential,740 W Lincoln Ln,Des Plaines,IL,60018,514900,3,3.0,Des Plaines,1900,22500,1950,19,271,,Active,,,https://www.redfin.com/IL/Des-Plaines/740-W-Lincoln-Ln-60018/home/13691416,MRED as Distributed by MLS Grid,12298035,N,Y,42.0248922,-87.9367875
MLS Listing,,Condo/Co-op,1476 Perry St #408,Des Plaines,IL,60016,359900,2,2.0,Des Plaines,1570,,2003,19,229,557,Active,March-16-2025 11:00 AM,March-16-2025 02:00 PM,https://www.redfin.com/IL/Des-Plaines/1476-Perry-St-60016/unit-408/home/12685930,MRED as Distributed by MLS Grid,12297004,N,Y,42.0439623,-87.8873246
MLS Listing,,Townhouse,1078 Bogart St,Des Plaines,IL,60018,459990,3,2.5,Halston Market,1792,781,2025,20,257,295,Active,March-16-2025 12:00 PM,March-16-2025 05:00 PM,https://www.redfin.com/IL/Des-Plaines/1078-Bogart-St-60018/home/194835113,MRED as Distributed by MLS Grid,12297532,N,Y,42.0254277,-87.8968329
MLS Listing,,Condo/Co-op,7410 W Lawrence Ave #221,Harwood Heights,IL,60706,285000,2,2.0,Harwood Heights,1200,,1992,20,238,359,Active,,,https://www.redfin.com/IL/Harwood-Heights/7410-W-Lawrence-Ave-60706/unit-221/home/13555153,MRED as Distributed by MLS Grid,12288376,N,Y,41.9678763,-87.812993
MLS Listing,,Single Family Residential,3706 Ruby St,Schiller Park,IL,60176,389000,5,3.0,Schiller Park,2400,4586,1947,20,162,,Active,,,https://www.redfin.com/IL/Schiller-Park/3706-Ruby-St-60176/home/13548337,MRED as Distributed by MLS Grid,12297129,N,Y,41.945998,-87.8711569
MLS Listing,,Single Family Residential,2232 Sprucewood Ave,Des Plaines,IL,60018,349900,4,2.5,Des Plaines,1627,20174,1961,21,215,,Active,,,https://www.redfin.com/IL/Des-Plaines/2232-Sprucewood-Ave-60018/home/13644281,MRED as Distributed by MLS Grid,12296673,N,Y,42.0118334,-87.9064162
MLS Listing,,Townhouse,1125 Girard Ave,Des Plaines,IL,60018,499980,3,2.5,Halston Market,1925,781,2025,22,260,295,Active,,,https://www.redfin.com/IL/Des-Plaines/1125-Girard-Ave-60018/home/194945482,MRED as Distributed by MLS Grid,12296408,N,Y,42.0253479,-87.8961764
MLS Listing,,Single Family Residential,400 Forest Preserve Dr,Wood Dale,IL,60191,289000,2,1.0,Wood Dale,1186,40296,1955,23,244,,Active,March-16-2025 11:00 AM,March-16-2025 01:00 PM,https://www.redfin.com/IL/Wood-Dale/400-Forest-Preserve-Dr-60191/home/18167187,MRED as Distributed by MLS Grid,12218153,N,Y,41.9542764,-87.9929721
MLS Listing,,Single Family Residential,634 N Kenilworth Ave,Elmhurst,IL,60126,467500,4,3.5,Elmhurst,3528,7840,1975,23,133,,Active,,,https://www.redfin.com/IL/Elmhurst/634-N-Kenilworth-Ave-60126/home/18154749,MRED as Distributed by MLS Grid,12296009,N,Y,41.917642,-87.9375972
MLS Listing,,Condo/Co-op,400 S Northwest Hwy #202,Park Ridge,IL,60068,510000,2,2.0,Park Ridge,1980,,1997,23,258,793,Active,,,https://www.redfin.com/IL/Park-Ridge/400-South-Northwest-Hwy-60068/unit-202/home/183793795,MRED as Distributed by MLS Grid,12281146,N,Y,42.0064622,-87.8230938
MLS Listing,,Single Family Residential,2400 N De Cook Ct,Park Ridge,IL,60068,2149000,7,6.5,Park Ridge,4800,10349,2024,23,448,,Active,,,https://www.redfin.com/IL/Park-Ridge/2400-N-De-Cook-Ct-60068/home/13658656,MRED as Distributed by MLS Grid,12295076,N,Y,42.0342435,-87.8571945
MLS Listing,,Single Family Residential,1144 N Greenwood Ave,Park Ridge,IL,60068,589000,3,3.0,Park Ridge,2409,6765,1985,23,244,,Active,,,https://www.redfin.com/IL/Park-Ridge/1144-N-Greenwood-Ave-60068/home/13656487,MRED as Distributed by MLS Grid,12295464,N,Y,42.028894,-87.8410748
MLS Listing,,Multi-Family (2-4 Unit),2701 N Hessing St,River Grove,IL,60171,479000,6,2.0,River Grove,,5662,1925,23,,,Active,,,https://www.redfin.com/IL/River-Grove/2701-Hessing-St-60171/home/194691233,MRED as Distributed by MLS Grid,12278298,N,Y,41.9285454,-87.8316552
MLS Listing,,Single Family Residential,7324 W Lunt Ave,Chicago,IL,60631,785000,4,3.5,Edison Park Place,2820,5000,1926,23,278,,Active,,,https://www.redfin.com/IL/Chicago/7324-W-Lunt-Ave-60631/home/13637074,MRED as Distributed by MLS Grid,12295469,N,Y,42.0082599,-87.8101723
MLS Listing,,Condo/Co-op,245 N Mill Rd Unit 10C,Addison,IL,60101,180000,2,1.0,Addison,900,,1979,24,200,329,Active,,,https://www.redfin.com/IL/Addison/245-N-Mill-Rd-60101/unit-10C/home/18158055,MRED as Distributed by MLS Grid,12295306,N,Y,41.9326575,-88.0030413
MLS Listing,,Condo/Co-op,700 Perrie Dr #416,Elk Grove Village,IL,60007,146900,1,1.0,12 Oaks,700,,1986,24,210,335,Active,,,https://www.redfin.com/IL/Elk-Grove-Village/700-Perrie-Dr-60007/unit-416/home/12686389,MRED as Distributed by MLS Grid,12294480,N,Y,42.0158311,-87.9727591
MLS Listing,,Single Family Residential,108 E Edgemont Ln,Park Ridge,IL,60068,1475000,4,4.0,Park Ridge,3700,,1960,24,399,,Active,,,https://www.redfin.com/IL/Park-Ridge/108-E-Edgemont-Ln-60068/home/13652889,MRED as Distributed by MLS Grid,12286658,N,Y,42.0232896,-87.819861
MLS Listing,,Single Family Residential,374 Highland Ave,Elmhurst,IL,60126,1550000,5,5.0,Elmhurst,3803,8350,2025,24,408,,Active,,,https://www.redfin.com/IL/Elmhurst/374-N-Highland-Ave-60126/home/18155662,MRED as Distributed by MLS Grid,12294938,N,Y,41.908889,-87.953801
MLS Listing,,Condo/Co-op,1705 Pavilion Way #401,Park Ridge,IL,60068,509900,3,2.0,Park Ridge,1861,,1999,24,274,625,Active,,,https://www.redfin.com/IL/Park-Ridge/1705-Pavilion-Way-60068/unit-401/home/12746941,MRED as Distributed by MLS Grid,12292927,N,Y,42.0367205,-87.8661287
MLS Listing,,Single Family Residential,6578 N Onarga Ave,Chicago,IL,60631,1019000,4,4.0,CHI - Edison Park,,5492,1931,24,,,Active,March-16-2025 11:00 AM,March-16-2025 01:00 PM,https://www.redfin.com/IL/Chicago/6578-N-Onarga-Ave-60631/home/13635299,MRED as Distributed by MLS Grid,12294653,N,Y,41.9998421,-87.8092961
MLS Listing,,Single Family Residential,705 N Garfield St,Lombard,IL,60148,724900,4,2.5,Lombard,2500,8640,2024,24,290,,Active,,,https://www.redfin.com/IL/Lombard/705-N-Garfield-St-60148/home/21732069,MRED as Distributed by MLS Grid,12294620,N,Y,41.9038899,-88.013893
MLS Listing,,Single Family Residential,5951 N Ozanam Ave,Chicago,IL,60631,675000,3,4.0,CHI - Norwood Park,3045,5166,1928,24,222,,Active,,,https://www.redfin.com/IL/Chicago/5951-N-Ozanam-Ave-60631/home/13565522,MRED as Distributed by MLS Grid,12290787,N,Y,41.9883814,-87.8213686
MLS Listing,,Single Family Residential,733 Greenview Ave,Des Plaines,IL,60016,399900,3,2.0,Des Plaines,2200,7440,1953,24,182,,Active,March-16-2025 12:00 PM,March-16-2025 01:00 PM,https://www.redfin.com/IL/Des-Plaines/733-Greenview-Ave-60016/home/13663923,MRED as Distributed by MLS Grid,12294535,N,Y,42.0417421,-87.9058417
MLS Listing,,Single Family Residential,805 S Tures Ln,Des Plaines,IL,60018,550000,4,2.5,Des Plaines,2134,6899,1984,25,258,,Active,March-16-2025 11:00 AM,March-16-2025 01:00 PM,https://www.redfin.com/IL/Des-Plaines/805-S-Tures-Ln-60018/home/13645554,MRED as Distributed by MLS Grid,12287704,N,Y,42.0170109,-87.9031948
MLS Listing,,Single Family Residential,218 Blackhawk Ter,Bensenville,IL,60106,344900,3,2.0,Bensenville,1329,9600,1953,25,260,,Active,,,https://www.redfin.com/IL/Bensenville/218-Blackhawk-Ter-60106/home/18169369,MRED as Distributed by MLS Grid,12293716,N,Y,41.9622991,-87.952288
MLS Listing,,Multi-Family (2-4 Unit),7542 W Cleveland St,Niles,IL,60714,728000,6,3.0,Niles,,4940,1954,25,,,Active,,,https://www.redfin.com/IL/Niles/7542-W-Cleveland-St-60714/home/13654453,MRED as Distributed by MLS Grid,12293943,N,Y,42.0290014,-87.8155216
MLS Listing,,Single Family Residential,2424 Clarke St,River Grove,IL,60171,285000,3,2.0,River Grove,,5375,,25,,,Active,,,https://www.redfin.com/IL/River-Grove/2424-Clarke-St-60171/home/13532954,MRED as Distributed by MLS Grid,12293846,N,Y,41.9235461,-87.8468316
MLS Listing,,Multi-Family (5+ Unit),1743-45 Chariot Ct,Mount Prospect,IL,60056,1800000,18,12.0,Mount Prospect,9340,10976,1979,25,193,,Active,,,https://www.redfin.com/IL/Mount-Prospect/1743-W-Chariot-Ct-60056/home/13692124,MRED as Distributed by MLS Grid,12293333,N,Y,42.0290879,-87.963686
MLS Listing,,Condo/Co-op,7443 W Irving Park Rd Unit 4E,Chicago,IL,60634,364900,3,2.0,CHI - Dunning,1350,,,26,270,340,Active,,,https://www.redfin.com/IL/Chicago/7443-W-Irving-Park-Rd-60634/unit-4E/home/18915036,MRED as Distributed by MLS Grid,12291299,N,Y,41.952345,-87.814039
MLS Listing,,Multi-Family (5+ Unit),20 S Dee Rd,Park Ridge,IL,60068,2650000,19,17.0,Park Ridge,,21338,1975,26,,,Active,,,https://www.redfin.com/IL/Park-Ridge/20-S-Dee-Rd-60068/home/13642842,MRED as Distributed by MLS Grid,12293454,N,Y,42.0097347,-87.8556661
MLS Listing,,Condo/Co-op,8631 W Grand Ave Unit 1W,River Grove,IL,60171,399000,3,2.0,River Grove,,,2025,26,,180,Active,March-16-2025 01:00 PM,March-16-2025 02:30 PM,https://www.redfin.com/IL/River-Grove/8631-W-Grand-Ave-60171/unit-1W/home/194770811,MRED as Distributed by MLS Grid,12293263,N,Y,41.9294148,-87.8421911
MLS Listing,,Condo/Co-op,8631 W Grand Ave Unit 4E,River Grove,IL,60171,419000,3,2.0,River Grove,,,2025,26,,200,Active,March-16-2025 01:00 PM,March-16-2025 02:30 PM,https://www.redfin.com/IL/River-Grove/8631-W-Grand-Ave-60171/unit-4E/home/194770585,MRED as Distributed by MLS Grid,12292795,N,Y,41.9294148,-87.8421911
MLS Listing,,Condo/Co-op,3721 Ruby St Unit 106S,Schiller Park,IL,60176,95000,0,1.0,Schiller Park,400,,1972,26,238,191,Active,,,https://www.redfin.com/IL/Schiller-Park/3721-Ruby-St-60176/unit-106S/home/177278892,MRED as Distributed by MLS Grid,12292585,N,Y,41.9466534,-87.8704343
MLS Listing,,Single Family Residential,3356 N New England Ave,Chicago,IL,60634,449000,3,1.5,CHI - Dunning,1454,5680,1939,27,309,,Active,,,https://www.redfin.com/IL/Chicago/3356-N-New-England-Ave-60634/home/13469009,MRED as Distributed by MLS Grid,12292674,N,Y,41.9416426,-87.7985613
MLS Listing,,Single Family Residential,2225 Atlantic Ave,Melrose Park,IL,60164,289900,4,2.0,Leyden Township,1500,10890,1952,27,193,,Active,,,https://www.redfin.com/IL/Melrose-Park/2225-Atlantic-Ave-60164/home/13524530,MRED as Distributed by MLS Grid,12282849,N,Y,41.9196713,-87.8681523
MLS Listing,,Single Family Residential,154 Pine Ln,Wood Dale,IL,60191,799900,4,3.5,Ethan Woods,3000,8276,2025,27,267,,Active,,,https://www.redfin.com/IL/Wood-Dale/154-Pine-Ln-60191/home/21741567,MRED as Distributed by MLS Grid,12292639,N,Y,41.958893,-87.963956
MLS Listing,,Single Family Residential,7920 W Fletcher St,Elmwood Park,IL,60707,500000,4,2.0,Elmwood Park,2300,3870,1931,27,217,,Active,,,https://www.redfin.com/IL/Elmwood-Park/7920-W-Fletcher-St-60707/home/13539092,MRED as Distributed by MLS Grid,12292090,N,Y,41.9370919,-87.824932
MLS Listing,,Condo/Co-op,400 Ascot Dr Unit 1H,Park Ridge,IL,60068,257900,2,2.0,Bristol Court,1150,,1974,30,224,627,Active,,,https://www.redfin.com/IL/Park-Ridge/400-Ascot-Dr-60068/unit-1H/home/13642106,MRED as Distributed by MLS Grid,12291110,N,Y,42.0064058,-87.8573741
MLS Listing,,Single Family Residential,213 Hiawatha Trl,Wood Dale,IL,60191,409900,3,2.5,Wood Dale,2202,7840,1964,30,186,,Active,,,https://www.redfin.com/IL/Wood-Dale/213-Hiawatha-Trl-60191/home/18168587,MRED as Distributed by MLS Grid,12272081,N,Y,41.9563053,-87.9735834
MLS Listing,,Multi-Family (2-4 Unit),2226 N 72nd Ct,Elmwood Park,IL,60707,569900,6,3.0,Elmwood Park,,4375,1924,31,,,Active,,,https://www.redfin.com/IL/Elmwood-Park/2226-N-72nd-Ct-60707/home/13523915,MRED as Distributed by MLS Grid,12289980,N,Y,41.9208793,-87.8076877
MLS Listing,,Condo/Co-op,9355 Irving Park Rd #519,Schiller Park,IL,60176,299000,3,2.0,Schiller Park,1449,,2005,31,206,377,Active,,,https://www.redfin.com/IL/Schiller-Park/9355-Irving-Park-Rd-60176/unit-519/home/12594126,MRED as Distributed by MLS Grid,12287202,N,Y,41.9538451,-87.8618484
MLS Listing,,Single Family Residential,2715 S Scott St,Des Plaines,IL,60018,639000,5,3.5,Town and Country,3155,14496,1951,32,203,,Active,,,https://www.redfin.com/IL/Des-Plaines/2715-S-Scott-St-60018/home/13643575,MRED as Distributed by MLS Grid,12283343,N,Y,42.0041495,-87.8743694
MLS Listing,,Single Family Residential,939 N Grace St,Lombard,IL,60148,387000,4,2.0,Lombard,2463,,1953,32,157,,Active,,,https://www.redfin.com/IL/Lombard/939-N-Grace-St-60148/home/18157124,MRED as Distributed by MLS Grid,12281031,N,Y,41.9064341,-88.0075257
MLS Listing,,Single Family Residential,450 Debra Dr,Des Plaines,IL,60016,549900,3,2.5,Des Plaines,2278,8320,1965,32,241,,Active,,,https://www.redfin.com/IL/Des-Plaines/450-Debra-Dr-60016/home/13697173,MRED as Distributed by MLS Grid,12288776,N,Y,42.0445759,-87.9325575
MLS Listing,,Single Family Residential,2106 N 75th Ave,Elmwood Park,IL,60707,379900,3,1.0,Elmwood Park,,,1933,32,,,Active,,,https://www.redfin.com/IL/Elmwood-Park/2106-N-75th-Ave-60707/home/13523701,MRED as Distributed by MLS Grid,12280757,N,Y,41.9182162,-87.8136476
MLS Listing,,Single Family Residential,411 N Cardinal Ave,Addison,IL,60101,636500,4,3.5,White Oaks Estates,3535,17789,1968,32,180,,Active,,,https://www.redfin.com/IL/Addison/411-N-Cardinal-Ave-60101/home/14362693,MRED as Distributed by MLS Grid,12289216,N,Y,41.9355253,-87.9727021
MLS Listing,,Single Family Residential,6064 N Neva Ave,Chicago,IL,60631,1199000,5,4.5,CHI - Norwood Park,3500,6351,1905,32,343,,Active,March-16-2025 11:00 AM,March-16-2025 02:00 PM,https://www.redfin.com/IL/Chicago/6064-N-Neva-Ave-60631/home/13507450,MRED as Distributed by MLS Grid,12289229,N,Y,41.99193,-87.80594
MLS Listing,,Single Family Residential,2726 Budd St,River Grove,IL,60171,345000,3,1.0,River Grove,7440,3720,1932,33,46,,Active,,,https://www.redfin.com/IL/River-Grove/2726-Budd-St-60171/home/13535273,MRED as Distributed by MLS Grid,12288761,N,Y,41.92914,-87.8336279
MLS Listing,,Single Family Residential,608 N Kenilworth Ave,Elmhurst,IL,60126,1199900,6,5.0,Elmhurst,4529,762,2011,33,265,,Active,,,https://www.redfin.com/IL/Elmhurst/608-N-Kenilworth-Ave-60126/home/18154701,MRED as Distributed by MLS Grid,12288686,N,Y,41.9168203,-87.9375857
MLS Listing,,Townhouse,857 Beau Dr,Des Plaines,IL,60016,334900,3,1.5,Des Plaines,1600,3875,1968,33,209,,Active,,,https://www.redfin.com/IL/Des-Plaines/857-Beau-Dr-60016/home/13692356,MRED as Distributed by MLS Grid,12288621,N,Y,42.035569,-87.9360568
MLS Listing,,Single Family Residential,864 E Thacker St,Des Plaines,IL,60016,320000,3,2.0,Des Plaines,1000,3550,1915,33,320,,Active,,,https://www.redfin.com/IL/Des-Plaines/864-E-Thacker-St-60016/home/13664628,MRED as Distributed by MLS Grid,12284403,N,Y,42.03846,-87.9025816
MLS Listing,,Single Family Residential,2433 N 79th Ave,Elmwood Park,IL,60707,364000,3,2.0,Elmwood Park,950,4787,1962,34,383,,Active,,,https://www.redfin.com/IL/Elmwood-Park/2433-N-79th-Ave-60707/home/13538645,MRED as Distributed by MLS Grid,12287957,N,Y,41.9243736,-87.8230872
MLS Listing,,Single Family Residential,16W740 Red Oak Ave,Bensenville,IL,60106,575000,5,3.5,Bensenville,3628,20000,1950,34,158,,Active,,,https://www.redfin.com/IL/Bensenville/16W740-Red-Oak-Ave-60106/home/14185485,MRED as Distributed by MLS Grid,12287610,N,Y,41.943241,-87.95793
MLS Listing,,Single Family Residential,7916 W Altgeld St,Elmwood Park,IL,60707,629000,4,3.5,Elmwood Park,3590,3998,2006,34,175,,Active,,,https://www.redfin.com/IL/Elmwood-Park/7916-W-Altgeld-St-60707/home/12562004,MRED as Distributed by MLS Grid,12287492,N,Y,41.9252648,-87.8243874
MLS Listing,,Condo/Co-op,5348 N Cumberland Ave #224,Chicago,IL,60656,149900,1,1.0,CHI - O'Hare,550,,1975,34,273,331,Active,,,https://www.redfin.com/IL/Chicago/5348-N-Cumberland-Ave-60656/unit-224/home/194666238,MRED as Distributed by MLS Grid,12287415,N,Y,41.9771518,-87.8377582
MLS Listing,,Single Family Residential,250 S Central Ave,Wood Dale,IL,60191,898900,6,5.0,Wood Dale,3889,13114,2008,34,231,,Active,,,https://www.redfin.com/IL/Wood-Dale/250-S-Central-Ave-60191/home/21732198,MRED as Distributed by MLS Grid,12255422,N,Y,41.9525079,-87.9694835
MLS Listing,,Single Family Residential,573 W Babcock Ave,Elmhurst,IL,60126,1085000,5,4.0,Elmhurst,5242,8350,2004,36,207,,Active,,,https://www.redfin.com/IL/Elmhurst/573-W-Babcock-Ave-60126/home/18156211,MRED as Distributed by MLS Grid,12287026,N,Y,41.9201437,-87.9619434
MLS Listing,,Townhouse,122 Schiller Pl,Itasca,IL,60143,424900,2,2.5,Itasca,2400,,1995,36,177,375,Active,,,https://www.redfin.com/IL/Itasca/122-Schiller-Pl-60143/home/14168310,MRED as Distributed by MLS Grid,12286899,N,Y,41.9703672,-88.0111782
MLS Listing,,Single Family Residential,500 E North St,Itasca,IL,60143,569900,4,3.5,Itasca,2842,16352,1953,37,201,,Active,,,https://www.redfin.com/IL/Itasca/500-E-North-St-60143/home/18172651,MRED as Distributed by MLS Grid,12274832,N,Y,41.9754599,-88.0078298
MLS Listing,,Single Family Residential,286 N Indiana Ave,Elmhurst,IL,60126,1799000,5,5.0,Elmhurst,3496,8250,2025,38,515,,Active,,,https://www.redfin.com/IL/Elmhurst/286-N-Indiana-St-60126/home/18114723,MRED as Distributed by MLS Grid,12285039,N,Y,41.9056887,-87.9356544
MLS Listing,,Condo/Co-op,175 Boardwalk Pl #202,Park Ridge,IL,60068,490000,2,2.0,Park Ridge,1800,,1982,38,272,722,Active,,,https://www.redfin.com/IL/Park-Ridge/175-Boardwalk-Pl-60068/unit-202/home/12797292,MRED as Distributed by MLS Grid,12285565,N,Y,42.0147585,-87.8599782
MLS Listing,,Condo/Co-op,3207 N Pontiac Ave Unit 3S,Chicago,IL,60634,249900,2,2.0,CHI - Dunning,1100,,1991,38,227,200,Active,,,https://www.redfin.com/IL/Chicago/3207-N-Pontiac-Ave-60634/unit-3S/home/13545146,MRED as Distributed by MLS Grid,12280985,N,Y,41.9379696,-87.8346478
MLS Listing,,Condo/Co-op,500 W Huntington Commons Rd #152,Mount Prospect,IL,60056,234500,2,2.0,Hunt Club on the Lake,,,1976,38,,403,Active,,,https://www.redfin.com/IL/Mount-Prospect/500-W-Huntington-Commons-Rd-60056/unit-152/home/13694838,MRED as Distributed by MLS Grid,12285150,N,Y,42.0440235,-87.9430859
MLS Listing,,Townhouse,152 S Center St,Bensenville,IL,60106,447000,5,3.5,Bensenville,3476,,2005,39,129,200,Active,,,https://www.redfin.com/IL/Bensenville/152-S-Center-St-60106/home/17980127,MRED as Distributed by MLS Grid,12285055,N,Y,41.95504,-87.9413722
MLS Listing,,Single Family Residential,2659 Eisenhower Dr,Des Plaines,IL,60018,549000,4,3.0,Des Plaines,1768,10454,1951,39,311,,Active,,,https://www.redfin.com/IL/Des-Plaines/2659-Eisenhower-Dr-60018/home/13643460,MRED as Distributed by MLS Grid,12282158,N,Y,42.0050638,-87.8762971
MLS Listing,,Single Family Residential,529 N Indiana St,Elmhurst,IL,60126,419900,3,1.5,Elmhurst,1263,7800,1967,40,332,,Active,,,https://www.redfin.com/IL/Elmhurst/529-N-Indiana-St-60126/home/14159541,MRED as Distributed by MLS Grid,12283746,N,Y,41.9139919,-87.9356992
MLS Listing,,Multi-Family (2-4 Unit),2539 N 74th Ct,Elmwood Park,IL,60707,489000,5,3.0,Elmwood Park,,6250,1916,41,,,Active,,,https://www.redfin.com/IL/Elmwood-Park/2539-N-74th-Ct-60707/home/13536101,MRED as Distributed by MLS Grid,12281966,N,Y,41.9267523,-87.8121848
MLS Listing,,Single Family Residential,1888 Miner St,Des Plaines,IL,60016,470900,6,3.0,Des Plaines,2100,12475,1920,44,224,,Active,,,https://www.redfin.com/IL/Des-Plaines/1888-Miner-St-60016/home/13666161,MRED as Distributed by MLS Grid,12281787,N,Y,42.0394145,-87.8761406
MLS Listing,,Single Family Residential,318 N Oaklawn Ave,Elmhurst,IL,60126,520000,3,2.5,Elmhurst,1640,9150,1966,45,317,,Active,,,https://www.redfin.com/IL/Elmhurst/318-N-Oaklawn-Ave-60126/home/18155366,MRED as Distributed by MLS Grid,12281036,N,Y,41.9068577,-87.9579808
MLS Listing,,Single Family Residential,2635 N 73rd Ave,Elmwood Park,IL,60707,419900,5,3.0,Elmwood Park,1596,6250,1922,45,263,,Active,,,https://www.redfin.com/IL/Elmwood-Park/2635-N-73rd-Ave-60707/home/13537007,MRED as Distributed by MLS Grid,12280867,N,Y,41.9284982,-87.8085592
MLS Listing,,Single Family Residential,5651 N Osceola Ave,Chicago,IL,60631,484900,3,2.0,CHI - Norwood Park,1768,,1950,45,274,,Active,,,https://www.redfin.com/IL/Chicago/5651-N-Osceola-Ave-60631/home/13564003,MRED as Distributed by MLS Grid,12274635,N,Y,41.9840849,-87.8129516
MLS Listing,,Multi-Family (2-4 Unit),2232 River Rd,River Grove,IL,60171,669900,8,3.0,River Grove,,3510,1965,45,,,Active,,,https://www.redfin.com/IL/River-Grove/2232-River-Rd-60171/home/13524290,MRED as Distributed by MLS Grid,12278937,N,Y,41.9203767,-87.8405284
MLS Listing,,Single Family Residential,9716 Schiller Blvd,Franklin Park,IL,60131,454900,3,2.5,Franklin Park,1984,3746,1904,47,229,,Active,,,https://www.redfin.com/IL/Franklin-Park/9716-Schiller-Blvd-60131/home/13532624,MRED as Distributed by MLS Grid,12279245,N,Y,41.9333647,-87.8686016
MLS Listing,,Condo/Co-op,815 Leicester Rd #211,Elk Grove Village,IL,60007,263900,2,2.0,Chardonnay on the Lake,1000,,1992,49,264,465,Active,,,https://www.redfin.com/IL/Elk-Grove-Village/815-Leicester-Rd-60007/unit-211/home/194453687,MRED as Distributed by MLS Grid,12276164,N,Y,42.0053067,-88.0127216
MLS Listing,,Condo/Co-op,805 Leicester Rd #103,Elk Grove Village,IL,60007,259900,2,2.0,Chardonnay on the Lake,1000,,1994,49,260,468,Active,March-16-2025 12:00 PM,March-16-2025 02:00 PM,https://www.redfin.com/IL/Elk-Grove-Village/805-Leicester-Rd-60007/unit-103/home/13687284,MRED as Distributed by MLS Grid,12276284,N,Y,42.0064932,-88.0130609
MLS Listing,,Townhouse,366 E Haver Hill Ct,Itasca,IL,60143,379900,2,2.5,Wildspring,1500,,1996,50,253,243,Active,,,https://www.redfin.com/IL/Itasca/366-E-Haver-Hill-Ct-60143/home/14153277,MRED as Distributed by MLS Grid,12273932,N,Y,41.9818586,-88.0101898
MLS Listing,,Single Family Residential,10509 Schubert Ave,Melrose Park,IL,60164,280000,2,1.0,Melrose Park,1224,3125,1939,50,229,,Active,,,https://www.redfin.com/IL/Melrose-Park/10509-Schubert-Ave-60164/home/13530020,MRED as Distributed by MLS Grid,12262161,N,Y,41.9271205,-87.8876706
MLS Listing,,Multi-Family (2-4 Unit),7635 W Foster Ave,Chicago,IL,60656,299999,4,2.0,CHI - Norwood Park,,5700,1908,51,,,Active,,,https://www.redfin.com/IL/Chicago/7635-W-Foster-Ave-60656/home/13556865,MRED as Distributed by MLS Grid,12276895,N,Y,41.9739665,-87.818239
MLS Listing,,Single Family Residential,4953 N Oketo Ave,Harwood Heights,IL,60706,429900,3,2.0,Harwood Heights,1116,5009,1967,51,385,,Active,,,https://www.redfin.com/IL/Harwood-Heights/4953-N-Oketo-Ave-60706/home/13555085,MRED as Distributed by MLS Grid,12273524,N,Y,41.9705713,-87.8117019
MLS Listing,,Condo/Co-op,9815 Lawrence Ct Unit 3E,Schiller Park,IL,60176,159900,1,1.5,Lawrence Court Condos,900,,1978,52,178,304,Active,,,https://www.redfin.com/IL/Schiller-Park/9815-Lawrence-Ct-60176/unit-3E/home/13550151,MRED as Distributed by MLS Grid,12276348,N,Y,41.9644965,-87.8721985
MLS Listing,,Condo/Co-op,815 Pearson St #10,Des Plaines,IL,60016,324900,3,2.5,Des Plaines,1500,,1989,52,217,932,Active,,,https://www.redfin.com/IL/Des-Plaines/815-Pearson-St-60016/unit-10/home/13662890,MRED as Distributed by MLS Grid,12274753,N,Y,42.0385453,-87.8866745
MLS Listing,,Single Family Residential,4926 Michigan Ave,Schiller Park,IL,60176,519000,3,2.5,Schiller Park,,3125,2001,52,,,Active,,,https://www.redfin.com/IL/Schiller-Park/4926-Michigan-Ave-60176/home/13562195,MRED as Distributed by MLS Grid,12276200,N,Y,41.9686158,-87.8688868
MLS Listing,,Single Family Residential,1606 W Willow Ln,Mount Prospect,IL,60056,427700,4,2.0,Mount Prospect,1222,,1961,52,350,,Active,,,https://www.redfin.com/IL/Mount-Prospect/1606-W-Willow-Ln-60056/home/13696664,MRED as Distributed by MLS Grid,12275008,N,Y,42.0445047,-87.959865
MLS Listing,,Condo/Co-op,327 Masters Dr,Addison,IL,60101,420622,2,2.0,Mill Creek,1524,,2024,53,276,255,Active,March-16-2025 11:00 AM,March-16-2025 03:00 PM,https://www.redfin.com/IL/Addison/327-Masters-Dr-60101/home/194392070,MRED as Distributed by MLS Grid,12275767,N,Y,41.9320303,-88.0040152
MLS Listing,,Single Family Residential,2917 Dora St,Franklin Park,IL,60131,325000,2,1.0,Franklin Park,937,5083,1955,53,347,,Active,,,https://www.redfin.com/IL/Franklin-Park/2917-Dora-St-60131/home/13532520,MRED as Distributed by MLS Grid,12275467,N,Y,41.9316999,-87.8795956
MLS Listing,,Vacant Land,767 E Crest Ave,Bensenville,IL,60106,89000,,,Bensenville,,7504,,54,,,Active,,,https://www.redfin.com/IL/Bensenville/767-E-Crest-Ave-60106/home/194378351,MRED as Distributed by MLS Grid,12274961,N,Y,41.9454722,-87.9309338
MLS Listing,,Multi-Family (2-4 Unit),863 N Northwest Hwy,Park Ridge,IL,60068,570000,4,2.0,Park Ridge,,9750,1958,58,,,Active,,,https://www.redfin.com/IL/Park-Ridge/863-N-Northwest-Hwy-60068/unit-1/home/13647904,MRED as Distributed by MLS Grid,12272923,N,Y,42.0233519,-87.8481848
MLS Listing,,Condo/Co-op,720 Wellington Ave #217,Elk Grove Village,IL,60007,249000,2,2.0,Elk Grove Village,1200,,1975,59,208,462,Active,,,https://www.redfin.com/IL/Elk-Grove-Village/720-Wellington-Ave-60007/unit-217/home/13686147,MRED as Distributed by MLS Grid,12270174,N,Y,42.0065018,-88.01098
MLS Listing,,Single Family Residential,4238 N New England Ave,Harwood Heights,IL,60706,575000,5,3.0,Harwood Heights,3300,3750,1995,59,174,,Active,,,https://www.redfin.com/IL/Harwood-Heights/4238-N-New-England-Ave-60706/home/13472303,MRED as Distributed by MLS Grid,12269586,N,Y,41.9584612,-87.8004388
MLS Listing,,Condo/Co-op,1033 Busse Hwy Unit 2C,Park Ridge,IL,60068,199900,2,1.0,La Casa Bonita,,,1971,60,,404,Active,,,https://www.redfin.com/IL/Park-Ridge/1033-Busse-Hwy-60068/unit-2C/home/13657116,MRED as Distributed by MLS Grid,12271592,N,Y,42.025962,-87.8576224
MLS Listing,,Single Family Residential,1141 Hartford Ln,Elk Grove Village,IL,60007,484900,5,2.5,Elk Grove Village,1855,9321,1961,60,261,,Active,,,https://www.redfin.com/IL/Elk-Grove-Village/1141-Hartford-Ln-60007/home/13684559,MRED as Distributed by MLS Grid,12269036,N,Y,42.0004471,-87.9806586
MLS Listing,,Single Family Residential,1420 Oakton St,Park Ridge,IL,60068,779900,6,4.0,Park Ridge,2954,,1924,61,264,,Active,,,https://www.redfin.com/IL/Park-Ridge/1420-Oakton-St-60068/home/13655545,MRED as Distributed by MLS Grid,12265455,N,Y,42.0256628,-87.8445354
MLS Listing,,Condo/Co-op,7224 W Wrightwood Ave #103,Elmwood Park,IL,60707,204900,2,1.0,Elmwood Park,800,,1987,65,256,300,Active,,,https://www.redfin.com/IL/Elmwood-Park/7224-W-Wrightwood-Ave-60707/unit-103/home/13536516,MRED as Distributed by MLS Grid,12268711,N,Y,41.9281588,-87.8073473
MLS Listing,,Multi-Family (2-4 Unit),125 E North Ave,Elmhurst,IL,60126,490000,4,3.0,Elmhurst,,8276,1907,66,,,Active,,,https://www.redfin.com/IL/Elmhurst/125-E-North-Ave-60126/home/18154341,MRED as Distributed by MLS Grid,12052447,N,Y,41.906595,-87.938551
MLS Listing,,Single Family Residential,724 Junior Ter,Elmhurst,IL,60126,575000,7,2.0,Elmhurst,2736,9618,1956,66,210,,Active,,,https://www.redfin.com/IL/Elmhurst/724-N-Junior-Ter-60126/home/12558527,MRED as Distributed by MLS Grid,12256979,N,Y,41.9207428,-87.964918
MLS Listing,,Condo/Co-op,715 Busse Hwy Unit B2,Park Ridge,IL,60068,159000,1,1.0,Park Ridge,,,1979,67,,253,Active,,,https://www.redfin.com/IL/Park-Ridge/715-Busse-Hwy-60068/unit-B2/home/12756785,MRED as Distributed by MLS Grid,12267048,N,Y,42.0203938,-87.847835
MLS Listing,,Vacant Land,914 Brentwood Dr,Bensenville,IL,60106,129999,,,Brentwood East,,13068,,67,,,Active,,,https://www.redfin.com/IL/Bensenville/914-Brentwood-Dr-60106/home/21733001,MRED as Distributed by MLS Grid,12266925,N,Y,41.936817,-87.924862
MLS Listing,,Single Family Residential,510 Meacham Ave,Park Ridge,IL,60068,1384500,5,4.5,Park Ridge,6765,9959,1996,68,205,,Active,,,https://www.redfin.com/IL/Park-Ridge/510-Meacham-Ave-60068/home/13649860,MRED as Distributed by MLS Grid,12217889,N,Y,42.0175706,-87.8331344
MLS Listing,,Single Family Residential,109 Murphy Lake Rd,Park Ridge,IL,60068,2500000,4,4.5,Murphy Lake,5700,56715,1981,69,439,,Active,,,https://www.redfin.com/IL/Park-Ridge/109-Murphy-Lake-Rd-60068/home/13647624,MRED as Distributed by MLS Grid,12265234,N,Y,42.012435,-87.858246
MLS Listing,,Single Family Residential,3039 N Osceola Ave,Chicago,IL,60707,639000,5,3.5,CHI - Dunning,2200,6900,1915,69,290,,Active,,,https://www.redfin.com/IL/Chicago/3039-N-Osceola-Ave-60707/home/180906220,MRED as Distributed by MLS Grid,12265192,N,Y,41.93553,-87.812485
MLS Listing,,Condo/Co-op,305 Walters Ln Unit 1B,Itasca,IL,60143,375000,3,2.0,Itasca,,,1988,70,,285,Active,,,https://www.redfin.com/IL/Itasca/305-Walters-Ln-60143/unit-1B/home/18174001,MRED as Distributed by MLS Grid,12264305,N,Y,41.9806545,-88.0099096
MLS Listing,,Vacant Land,335 E Crest Ave,Bensenville,IL,60106,89000,,,Bensenville Terrace,,7504,,72,,,Active,,,https://www.redfin.com/IL/Bensenville/335-E-Crest-Ave-60106/home/194106348,MRED as Distributed by MLS Grid,12263922,N,Y,41.9454485,-87.9335437
MLS Listing,,Single Family Residential,739 N Highview Ave,Addison,IL,60101,405000,3,2.0,Addison,2680,20473,1951,72,151,,Active,,,https://www.redfin.com/IL/Addison/739-N-Highview-Ave-60101/home/18162938,MRED as Distributed by MLS Grid,12263585,N,Y,41.9410213,-87.9968962
MLS Listing,,Single Family Residential,4021 Wehrman Ave,Schiller Park,IL,60176,290000,4,2.0,Park Terrace,1489,15780,1948,73,195,,Active,,,https://www.redfin.com/IL/Schiller-Park/4021-Wehrman-Ave-60176/home/13548394,MRED as Distributed by MLS Grid,12262746,N,Y,41.9518152,-87.8779303
MLS Listing,,Condo/Co-op,2150 Bouterse St #403,Park Ridge,IL,60068,296000,1,1.0,The Gallery,1000,,1982,73,296,420,Active,,,https://www.redfin.com/IL/Park-Ridge/2150-Bouterse-St-60068/unit-403/home/191739577,MRED as Distributed by MLS Grid,12262093,N,Y,42.0242252,-87.8539464
MLS Listing,,Single Family Residential,309 George St,Bensenville,IL,60106,670800,4,3.5,Bensenville,3000,9300,1939,74,224,,Active,March-16-2025 12:00 PM,March-16-2025 03:00 PM,https://www.redfin.com/IL/Bensenville/309-George-St-60106/home/18160342,MRED as Distributed by MLS Grid,12262436,N,Y,41.9411419,-87.9320772
MLS Listing,,Single Family Residential,809 Brentwood Dr,Bensenville,IL,60106,429900,3,3.0,Bensenville,2323,10454,1972,77,185,,Active,,,https://www.redfin.com/IL/Bensenville/809-Brentwood-Dr-60106/home/18161189,MRED as Distributed by MLS Grid,12258831,N,Y,41.9396629,-87.9253579
MLS Listing,,Single Family Residential,5011 N Oriole Ave,Harwood Heights,IL,60706,429000,4,2.0,Harwood Heights,1046,3125,1962,79,410,,Active,,,https://www.redfin.com/IL/Harwood-Heights/5011-N-Oriole-Ave-60706/home/13555486,MRED as Distributed by MLS Grid,12261046,N,Y,41.9711611,-87.8166542
MLS Listing,,Single Family Residential,7722 W Sunset Dr,Elmwood Park,IL,60707,379900,4,2.0,Elmwood Park,,3746,1928,79,,,Active,,,https://www.redfin.com/IL/Elmwood-Park/7722-W-Sunset-Dr-60707/home/13537948,MRED as Distributed by MLS Grid,12260914,N,Y,41.9296066,-87.8195419
MLS Listing,,Condo/Co-op,831 W Partridge Ln #831,Mount Prospect,IL,60056,282400,3,1.5,Bralen,1270,,1975,79,222,615,Active,,,https://www.redfin.com/IL/Mt-Prospect/831-W-Partridge-Ln-60056/unit-831/home/194053853,MRED as Distributed by MLS Grid,12260678,N,Y,42.0422723,-87.9500606
MLS Listing,,Vacant Land,395 Preserve Ln,Wood Dale,IL,60191,199000,,,Wood Dale,,10890,,80,,,Active,,,https://www.redfin.com/IL/Wood-Dale/395-Preserve-Ln-60191/home/21734177,MRED as Distributed by MLS Grid,12260842,N,Y,41.9524355,-87.9644598
MLS Listing,,Condo/Co-op,9864 Leland Ave #305,Schiller Park,IL,60176,269900,2,2.0,Schiller Park,1247,,2008,82,216,403,Active,,,https://www.redfin.com/IL/Schiller-Park/9864-Leland-Ave-60176/unit-305/home/39557515,MRED as Distributed by MLS Grid,12259876,N,Y,41.964077,-87.8725437
MLS Listing,,Single Family Residential,439 Parkside Ave,Itasca,IL,60143,420000,3,2.0,Itasca,1152,7204,1967,84,365,,Active,,,https://www.redfin.com/IL/Itasca/439-Parkside-Ave-60143/home/18171942,MRED as Distributed by MLS Grid,12215659,N,Y,41.9640778,-88.0029238
MLS Listing,,Single Family Residential,2200 W Crescent Ave,Park Ridge,IL,60068,749000,4,4.0,Park Ridge,3827,7448,1953,84,196,,Active,,,https://www.redfin.com/IL/Park-Ridge/2200-W-Crescent-Ave-60068/home/13642061,MRED as Distributed by MLS Grid,12253791,N,Y,42.0071701,-87.8539971
MLS Listing,,Single Family Residential,249 S Arlington Heights Rd,Elk Grove Village,IL,60007,475000,5,2.0,Elk Grove Village,2096,14984,1967,86,227,,Active,March-16-2025 12:00 AM,March-16-2025 02:00 PM,https://www.redfin.com/IL/Elk-Grove-Village/249-S-Arlington-Heights-Rd-60007/home/13689954,MRED as Distributed by MLS Grid,12254372,N,Y,42.018569,-87.9903252
MLS Listing,,Condo/Co-op,3207 N Pontiac Ave Unit 2S,Chicago,IL,60634,275900,2,2.0,Addison Commons Condos,1200,,1991,89,230,200,Active,,,https://www.redfin.com/IL/Chicago/3207-N-Pontiac-Ave-60634/unit-2S/home/13545543,MRED as Distributed by MLS Grid,12257803,N,Y,41.9379696,-87.8346478
MLS Listing,,Single Family Residential,348 N Walnut St,Elmhurst,IL,60126,889000,3,3.5,Elmhurst,2400,8437,,89,370,,Active,March-16-2025 01:00 PM,March-16-2025 04:00 PM,https://www.redfin.com/IL/Elmhurst/348-N-Walnut-St-60126/home/18155641,MRED as Distributed by MLS Grid,12257099,N,Y,41.908305,-87.9507305
MLS Listing,,Vacant Land,LOT 1 Armitage Ave,Addison,IL,60101,150000,,,Addison,,,,91,,,Active,,,https://www.redfin.com/IL/Addison/1-E-Armitage-Ave-60101/home/175118640,MRED as Distributed by MLS Grid,12256716,N,Y,41.9125191,-87.9787515
MLS Listing,,Condo/Co-op,5310 N Chester Ave #208,Chicago,IL,60656,110900,0,1.0,CHI - O'Hare,500,,1970,91,222,212,Active,,,https://www.redfin.com/IL/Chicago/5310-N-Chester-Ave-60656/unit-208/home/40374712,MRED as Distributed by MLS Grid,12256668,N,Y,41.9758776,-87.8394595
MLS Listing,,Single Family Residential,2834 Hawthorne St,Franklin Park,IL,60131,299900,4,2.0,Franklin Park,1056,4399,1951,94,284,,Active,,,https://www.redfin.com/IL/Franklin-Park/2834-Hawthorne-St-60131/home/13533664,MRED as Distributed by MLS Grid,12254376,N,Y,41.9305004,-87.8740655
MLS Listing,,Single Family Residential,2719 N 74th Ct,Elmwood Park,IL,60707,605000,5,4.0,Elmwood Park,2032,6124,1925,95,298,,Active,,,https://www.redfin.com/IL/Elmwood-Park/2719-N-74th-Ct-60707/home/13536843,MRED as Distributed by MLS Grid,12253995,N,Y,41.9296787,-87.8122746
MLS Listing,,Vacant Land,1219 W Sable Dr,Addison,IL,60101,149000,,,Farmwood Estates,,8712,,101,,,Active,,,https://www.redfin.com/IL/Addison/1219-Sable-Ave-60101/home/191018458,MRED as Distributed by MLS Grid,12221547,N,Y,41.9487628,-88.0076168
MLS Listing,,Vacant Land,227-239 W Irving Park Rd,Bensenville,IL,60106,1500000,,,Bensenville,,88862,,101,,,Active,,,https://www.redfin.com/IL/Bensenville/227-W-Irving-Park-Rd-60106/home/193787896,MRED as Distributed by MLS Grid,12221464,N,Y,41.9611948,-87.9441559
MLS Listing,,Single Family Residential,285 N Ridgeland Ave,Elmhurst,IL,60126,488500,3,1.5,Elmhurst,1131,8193,1953,103,432,,Active,,,https://www.redfin.com/IL/Elmhurst/285-N-Ridgeland-Ave-60126/home/18113780,MRED as Distributed by MLS Grid,12144470,N,Y,41.9057978,-87.9544394
MLS Listing,,Condo/Co-op,8245 W Belmont Ave Unit 4N,River Grove,IL,60171,161000,1,1.0,River Grove,700,,1971,103,230,240,Active,,,https://www.redfin.com/IL/River-Grove/8245-Belmont-Ave-60171/unit-4N/home/13537588,MRED as Distributed by MLS Grid,12220281,N,Y,41.9373064,-87.8323338
MLS Listing,,Townhouse,1218 Elm St,Park Ridge,IL,60068,590000,3,3.0,Park Ridge Reserve,1913,,2017,105,308,350,Active,,,https://www.redfin.com/IL/Park-Ridge/1218-Elm-St-60068/home/171308296,MRED as Distributed by MLS Grid,12218936,N,Y,42.0149424,-87.8412147
MLS Listing,,Single Family Residential,440 Charing Cross Rd,Elk Grove Village,IL,60007,375000,3,1.5,Elk Grove Village,1510,7318,1958,105,248,,Active,,,https://www.redfin.com/IL/Elk-Grove-Village/440-Charing-Cross-Rd-60007/home/13689784,MRED as Distributed by MLS Grid,12218893,N,Y,42.0145594,-87.9935367
